# gliquid matrix assets v1 -- sharded by leading element, ZIP_STORED
# packer: python=3.10.18 platform=win32 zip=stored digest=sha256[:16]
# name	shard	digest	bytes
Ag-Al_COMBINED_FITTED.webp	Ag	d6903402f8b5f163	68582
Ag-Al_COMBINED_PREDICTED.webp	Ag	2bdcd122b1c3a277	126866
Ag-Au_COMBINED_FITTED.webp	Ag	f7190099a31afc25	62618
Ag-Au_COMBINED_PREDICTED.webp	Ag	815932a24ae325b8	119936
Ag-B_COMBINED_FITTED.webp	Ag	5aa2d2278703e718	54314
Ag-B_COMBINED_PREDICTED.webp	Ag	92872c0c4223df05	111746
Ag-Ba_COMBINED_FITTED.webp	Ag	f1e262cd94b2d6ee	109916
Ag-Ba_COMBINED_PREDICTED.webp	Ag	86c981bddf01036e	132146
Ag-Be_COMBINED_FITTED.webp	Ag	3e2409793bde2ff6	55568
Ag-Be_COMBINED_PREDICTED.webp	Ag	b266488ef5f845cb	115596
Ag-Bi_COMBINED_FITTED.webp	Ag	ea4b56130b006b30	88170
Ag-Bi_COMBINED_PREDICTED.webp	Ag	1fd0e203a5e32a20	109724
Ag-C_COMBINED_FITTED.webp	Ag	60e7fc0e37c95140	40950
Ag-C_COMBINED_PREDICTED.webp	Ag	29b1a096a520e73e	98560
Ag-Ca_COMBINED_FITTED.webp	Ag	4db8d494a1f3c196	112630
Ag-Ca_COMBINED_PREDICTED.webp	Ag	8bccde9516b83899	132626
Ag-Cd_COMBINED_FITTED.webp	Ag	d3cf79a99221b33e	72410
Ag-Cd_COMBINED_PREDICTED.webp	Ag	920095539bc75b55	132492
Ag-Ce_COMBINED_FITTED.webp	Ag	9432e71979d3eadc	66388
Ag-Ce_COMBINED_PREDICTED.webp	Ag	4ab667139303d299	130268
Ag-Co_COMBINED_FITTED.webp	Ag	d42be38fdbe0bcbe	95650
Ag-Co_COMBINED_PREDICTED.webp	Ag	aafd82659018187a	113860
Ag-Cr_COMBINED_FITTED.webp	Ag	9e101281ab9f7c74	53444
Ag-Cr_COMBINED_PREDICTED.webp	Ag	374ff9a4935cb170	110750
Ag-Cu_COMBINED_FITTED.webp	Ag	810e2ed084a59941	93618
Ag-Cu_COMBINED_PREDICTED.webp	Ag	12a6a8ec9f543b53	109316
Ag-Dy_COMBINED_FITTED.webp	Ag	d00bae008627c535	107920
Ag-Dy_COMBINED_PREDICTED.webp	Ag	bf02a219926dcc69	129680
Ag-Er_COMBINED_FITTED.webp	Ag	b5d437e797d600fd	112064
Ag-Er_COMBINED_PREDICTED.webp	Ag	a71d7cb272b07a81	129338
Ag-Eu_COMBINED_FITTED.webp	Ag	5009110098251fcf	113864
Ag-Eu_COMBINED_PREDICTED.webp	Ag	098fb777560c167a	133668
Ag-Fe_COMBINED_FITTED.webp	Ag	b13c3ab4bf388921	52048
Ag-Fe_COMBINED_PREDICTED.webp	Ag	d0c4ba03d4426d8e	114172
Ag-Ga_COMBINED_FITTED.webp	Ag	b6f8b927df80401e	98416
Ag-Ga_COMBINED_PREDICTED.webp	Ag	3f27306d6f191eab	119510
Ag-Gd_COMBINED_FITTED.webp	Ag	9d780d36e48d0030	110732
Ag-Gd_COMBINED_PREDICTED.webp	Ag	5f03745357b51554	128450
Ag-Ge_COMBINED_FITTED.webp	Ag	6105b1c27d70aa4c	86066
Ag-Ge_COMBINED_PREDICTED.webp	Ag	3c432445e29fc2df	106410
Ag-Hf_COMBINED_FITTED.webp	Ag	90984bbf8e30e3b1	56782
Ag-Hf_COMBINED_PREDICTED.webp	Ag	1e3c6a97fb235b5c	114174
Ag-Hg_COMBINED_FITTED.webp	Ag	656d10cf6eefe702	94526
Ag-Hg_COMBINED_PREDICTED.webp	Ag	452a4ea3292b2e3a	115752
Ag-Ho_COMBINED_FITTED.webp	Ag	8fdea9cbd5a3fa8e	111278
Ag-Ho_COMBINED_PREDICTED.webp	Ag	0d34ff484832c852	127536
Ag-In_COMBINED_FITTED.webp	Ag	c0402e670477ce14	101306
Ag-In_COMBINED_PREDICTED.webp	Ag	d3f01b19647096fc	123960
Ag-Ir_COMBINED_FITTED.webp	Ag	d87206c1bc59327f	52654
Ag-Ir_COMBINED_PREDICTED.webp	Ag	24f4e3300778a91e	109558
Ag-La_COMBINED_FITTED.webp	Ag	1b448fb53a812e6d	111498
Ag-La_COMBINED_PREDICTED.webp	Ag	1baccfd06cb4e043	127504
Ag-Li_COMBINED_FITTED.webp	Ag	6a1dac8a0fe7473d	68060
Ag-Li_COMBINED_PREDICTED.webp	Ag	ccc90f1488e91eda	127152
Ag-Lu_COMBINED_FITTED.webp	Ag	78bdd695fb237fe7	117320
Ag-Lu_COMBINED_PREDICTED.webp	Ag	dae9728a4353e30a	178528
Ag-Mg_COMBINED_FITTED.webp	Ag	0b17d8f747554f82	71628
Ag-Mg_COMBINED_PREDICTED.webp	Ag	4daf9c198e4caa57	134670
Ag-Mn_COMBINED_FITTED.webp	Ag	2838324b09c5f373	56894
Ag-Mn_COMBINED_PREDICTED.webp	Ag	0ea2298b2a541cb6	116760
Ag-Mo_COMBINED_FITTED.webp	Ag	4e9b024551e634ac	88132
Ag-Mo_COMBINED_PREDICTED.webp	Ag	83580a94a219fb2a	107976
Ag-Na_COMBINED_FITTED.webp	Ag	417a3f749ee6c3e6	94532
Ag-Na_COMBINED_PREDICTED.webp	Ag	6cf1ff47b97bf708	117506
Ag-Nb_COMBINED_FITTED.webp	Ag	1077feee0068d4ce	40604
Ag-Nb_COMBINED_PREDICTED.webp	Ag	e7013fedb5177c66	93820
Ag-Nd_COMBINED_FITTED.webp	Ag	fa9927bd5aee629b	116630
Ag-Nd_COMBINED_PREDICTED.webp	Ag	5e5bda57c68e9778	137300
Ag-Ni_COMBINED_FITTED.webp	Ag	54792e4d3acbc598	92138
Ag-Ni_COMBINED_PREDICTED.webp	Ag	06201f2a3a875c5c	110082
Ag-Os_COMBINED_FITTED.webp	Ag	9f550798cbd953e4	52672
Ag-Os_COMBINED_PREDICTED.webp	Ag	3d5e92af92174fa4	107942
Ag-Pb_COMBINED_FITTED.webp	Ag	d16341e8a1d2b851	91510
Ag-Pb_COMBINED_PREDICTED.webp	Ag	456f73762cd3b1f4	110506
Ag-Pr_COMBINED_FITTED.webp	Ag	b942933941171c1d	120430
Ag-Pr_COMBINED_PREDICTED.webp	Ag	61f96d5340d25d4b	137584
Ag-Rb_COMBINED_FITTED.webp	Ag	a484b4fa0ab1f514	41346
Ag-Rb_COMBINED_PREDICTED.webp	Ag	b8662df13e9ad16b	94524
Ag-Re_COMBINED_FITTED.webp	Ag	0376ec49d762cacf	115602
Ag-Re_COMBINED_PREDICTED.webp	Ag	2f952ede7f7ff5d7	177390
Ag-Rh_COMBINED_FITTED.webp	Ag	db4f7e43483bd70b	55448
Ag-Rh_COMBINED_PREDICTED.webp	Ag	00e0f65ec7f65bfc	109662
Ag-Ru_COMBINED_FITTED.webp	Ag	eb40a46703e3283c	111178
Ag-Ru_COMBINED_PREDICTED.webp	Ag	0afc3ec0c0884422	171732
Ag-Sc_COMBINED_FITTED.webp	Ag	99210998fb460e4a	107388
Ag-Sc_COMBINED_PREDICTED.webp	Ag	f6bac11e41d101ee	129160
Ag-Si_COMBINED_FITTED.webp	Ag	22d08e182acc730c	92550
Ag-Si_COMBINED_PREDICTED.webp	Ag	ad78c9302a16c351	112376
Ag-Sm_COMBINED_FITTED.webp	Ag	9bf95f72bc7efc67	117992
Ag-Sm_COMBINED_PREDICTED.webp	Ag	9037c7758b3f30ca	134568
Ag-Sn_COMBINED_FITTED.webp	Ag	39cefbd78cc42c5e	97814
Ag-Sn_COMBINED_PREDICTED.webp	Ag	28f0d8739a059586	117294
Ag-Sr_COMBINED_FITTED.webp	Ag	46055f1273486c8c	113248
Ag-Sr_COMBINED_PREDICTED.webp	Ag	0897eacfca690c2b	133536
Ag-Ta_COMBINED_FITTED.webp	Ag	0b8282fe0a8cbf61	41880
Ag-Ta_COMBINED_PREDICTED.webp	Ag	5d2c557604e6ca53	94122
Ag-Tb_COMBINED_FITTED.webp	Ag	5cdcbb52009c15c9	110768
Ag-Tb_COMBINED_PREDICTED.webp	Ag	1a2b2af61e0a9c35	133746
Ag-Th_COMBINED_FITTED.webp	Ag	e796019463627b9d	106186
Ag-Th_COMBINED_PREDICTED.webp	Ag	6b2ed29b60df7ee0	123266
Ag-Ti_COMBINED_FITTED.webp	Ag	e5a0ed4c603447d5	98536
Ag-Ti_COMBINED_PREDICTED.webp	Ag	06bf576412dacd44	120790
Ag-Tl_COMBINED_FITTED.webp	Ag	0c25b7562e8cbe20	93614
Ag-Tl_COMBINED_PREDICTED.webp	Ag	b7fe0960aa064b38	112508
Ag-Tm_COMBINED_FITTED.webp	Ag	5e36a31d8f9b7488	107154
Ag-Tm_COMBINED_PREDICTED.webp	Ag	123258015626f364	125480
Ag-V_COMBINED_FITTED.webp	Ag	3f88086b365862c0	90442
Ag-V_COMBINED_PREDICTED.webp	Ag	94adf4c54d908eef	110126
Ag-W_COMBINED_FITTED.webp	Ag	eab197f74fa67834	41502
Ag-W_COMBINED_PREDICTED.webp	Ag	ffa979a840ac76e7	94590
Ag-Y_COMBINED_FITTED.webp	Ag	061ca4cfd26de61f	106160
Ag-Y_COMBINED_PREDICTED.webp	Ag	bd3ef702d28bc34d	128062
Ag-Yb_COMBINED_FITTED.webp	Ag	c92f548d0a43c226	120318
Ag-Yb_COMBINED_PREDICTED.webp	Ag	c305e0f6b833adc4	137102
Ag-Zn_COMBINED_FITTED.webp	Ag	86d0874ee39668a7	72588
Ag-Zn_COMBINED_PREDICTED.webp	Ag	d55e2c73de83eb79	130618
Ag-Zr_COMBINED_FITTED.webp	Ag	a87f00ee089c8495	102670
Ag-Zr_COMBINED_PREDICTED.webp	Ag	85e715e137fa2a5f	124336
Al-Au_COMBINED_FITTED.webp	Al	d1075a4eb27ffab9	122920
Al-Au_COMBINED_PREDICTED.webp	Al	f61e0da97a14a42d	136610
Al-B_COMBINED_FITTED.webp	Al	6966583327451ba3	62460
Al-B_COMBINED_PREDICTED.webp	Al	d85035b1ebf659e4	123558
Al-Ba_COMBINED_FITTED.webp	Al	52d47bf406afd3bc	109892
Al-Ba_COMBINED_PREDICTED.webp	Al	58dde0b31ebcd97b	130688
Al-Be_COMBINED_FITTED.webp	Al	7d00eb481c952676	89894
Al-Be_COMBINED_PREDICTED.webp	Al	030b893a3520a392	112154
Al-Bi_COMBINED_FITTED.webp	Al	daaa8b8e8375b510	91462
Al-Bi_COMBINED_PREDICTED.webp	Al	4b4427ed3a7c6789	111324
Al-C_COMBINED_FITTED.webp	Al	f87530c085a924f3	58244
Al-C_COMBINED_PREDICTED.webp	Al	e2a90e1d375aa61e	116640
Al-Ca_COMBINED_FITTED.webp	Al	b92bf0a539f91d02	110194
Al-Ca_COMBINED_PREDICTED.webp	Al	3090e674dc2ebbab	130012
Al-Cd_COMBINED_FITTED.webp	Al	2004b8f16f040203	94098
Al-Cd_COMBINED_PREDICTED.webp	Al	7d46083a0c5fbc64	109676
Al-Ce_COMBINED_FITTED.webp	Al	d8c0f5ef55c68250	66472
Al-Ce_COMBINED_PREDICTED.webp	Al	9ade0d4585717bfd	130982
Al-Co_COMBINED_FITTED.webp	Al	604285433a6529a9	117018
Al-Co_COMBINED_PREDICTED.webp	Al	9fa9dc692251143c	134002
Al-Cr_COMBINED_FITTED.webp	Al	9d412cc857667873	73290
Al-Cr_COMBINED_PREDICTED.webp	Al	836b69140e7a4004	133392
Al-Cu_COMBINED_FITTED.webp	Al	1ae9b9201e5266c1	123796
Al-Cu_COMBINED_PREDICTED.webp	Al	d849d3f39d418c6b	141400
Al-Dy_COMBINED_FITTED.webp	Al	ad7f9310b5c19ab7	113992
Al-Dy_COMBINED_PREDICTED.webp	Al	78135a5e16f0b382	131618
Al-Er_COMBINED_FITTED.webp	Al	fe61c297efa4d43e	109322
Al-Er_COMBINED_PREDICTED.webp	Al	4955f2d4663cd8ca	127762
Al-Eu_COMBINED_FITTED.webp	Al	1162784ab6ca06aa	106510
Al-Eu_COMBINED_PREDICTED.webp	Al	54979e9e1d821e55	126098
Al-Fe_COMBINED_FITTED.webp	Al	fcb0a9d67ef2a8e7	68654
Al-Fe_COMBINED_PREDICTED.webp	Al	7b9b73c8f5dd68b6	131720
Al-Ga_COMBINED_FITTED.webp	Al	fab7bfb89a6e04de	88694
Al-Ga_COMBINED_PREDICTED.webp	Al	e45ed02586b12593	111232
Al-Gd_COMBINED_FITTED.webp	Al	04c04c71f6c3bfa2	111818
Al-Gd_COMBINED_PREDICTED.webp	Al	706813653a23427b	131562
Al-Ge_COMBINED_FITTED.webp	Al	e09d84f16814a20d	95028
Al-Ge_COMBINED_PREDICTED.webp	Al	244992095af03349	113060
Al-Hf_COMBINED_FITTED.webp	Al	ca176f5ed612efa9	112630
Al-Hf_COMBINED_PREDICTED.webp	Al	c32d1ffecc8e4974	131496
Al-Hg_COMBINED_FITTED.webp	Al	7b2d85bcc544689f	91844
Al-Hg_COMBINED_PREDICTED.webp	Al	fb59507dae25fbfa	108850
Al-Ho_COMBINED_FITTED.webp	Al	41c3a2955a4ab259	112554
Al-Ho_COMBINED_PREDICTED.webp	Al	34e3a39d414cbec2	129818
Al-In_COMBINED_FITTED.webp	Al	c52c9bd27db062d2	90582
Al-In_COMBINED_PREDICTED.webp	Al	1be8cef9fe1b3246	107868
Al-Ir_COMBINED_FITTED.webp	Al	5e579852ecc609f5	110954
Al-Ir_COMBINED_PREDICTED.webp	Al	3cc972d7aa343443	128366
Al-La_COMBINED_FITTED.webp	Al	f41ee3766cb7657f	108802
Al-La_COMBINED_PREDICTED.webp	Al	e28358487ba3d714	128578
Al-Li_COMBINED_FITTED.webp	Al	eea7138974b3f885	105778
Al-Li_COMBINED_PREDICTED.webp	Al	fb531eed0f9aded1	125318
Al-Lu_COMBINED_FITTED.webp	Al	b8dfed4d53de772a	111748
Al-Lu_COMBINED_PREDICTED.webp	Al	251a76f366c5ae1d	128142
Al-Mg_COMBINED_FITTED.webp	Al	ad18d56dc6d66726	109516
Al-Mg_COMBINED_PREDICTED.webp	Al	eb89534b229b9dd6	126548
Al-Mn_COMBINED_FITTED.webp	Al	b6dd7f83f3641d0a	79794
Al-Mn_COMBINED_PREDICTED.webp	Al	5a05d363453ebfe1	139632
Al-Mo_COMBINED_FITTED.webp	Al	74991fa49a1861e5	113006
Al-Mo_COMBINED_PREDICTED.webp	Al	fa029a53b3a915f0	131706
Al-Na_COMBINED_FITTED.webp	Al	9fc17f2de7c40687	52362
Al-Na_COMBINED_PREDICTED.webp	Al	1bd39ab87dd3492d	105450
Al-Nb_COMBINED_FITTED.webp	Al	fc420a064093f568	110950
Al-Nb_COMBINED_PREDICTED.webp	Al	c5a9129de9b5dd51	130424
Al-Nd_COMBINED_FITTED.webp	Al	ad7946def651e657	113748
Al-Nd_COMBINED_PREDICTED.webp	Al	3eba98dd946c159f	129442
Al-Ni_COMBINED_FITTED.webp	Al	e8c261b1c6261566	73696
Al-Ni_COMBINED_PREDICTED.webp	Al	f6e1e88844f38662	138544
Al-Os_COMBINED_FITTED.webp	Al	e3f13bbe00ddeb95	49336
Al-Os_COMBINED_PREDICTED.webp	Al	b11ce01290e3fee6	106304
Al-Pb_COMBINED_FITTED.webp	Al	ea22cff15eb245a4	94504
Al-Pb_COMBINED_PREDICTED.webp	Al	a0a5ebdedd0262d6	112814
Al-Pr_COMBINED_FITTED.webp	Al	f92d772109ca9983	67416
Al-Pr_COMBINED_PREDICTED.webp	Al	26175adc3ef18f3d	131758
Al-Rb_COMBINED_FITTED.webp	Al	24da4e66439338b2	41622
Al-Rb_COMBINED_PREDICTED.webp	Al	a91ba0ec62348535	95836
Al-Re_COMBINED_FITTED.webp	Al	05926e7f85731299	110050
Al-Re_COMBINED_PREDICTED.webp	Al	37804288f683edf3	127808
Al-Rh_COMBINED_FITTED.webp	Al	004ec6f20e081e99	71348
Al-Rh_COMBINED_PREDICTED.webp	Al	217c0c9389fcf25c	134710
Al-Ru_COMBINED_FITTED.webp	Al	e7739f782a55c50a	113152
Al-Ru_COMBINED_PREDICTED.webp	Al	42047c2ead56bb7a	131928
Al-Sc_COMBINED_FITTED.webp	Al	c770ea9d51ddd4ae	114984
Al-Sc_COMBINED_PREDICTED.webp	Al	3ab1a63c4a150b3c	130094
Al-Si_COMBINED_FITTED.webp	Al	bbf32b80ec97b4e3	90082
Al-Si_COMBINED_PREDICTED.webp	Al	851040f946845fcd	112162
Al-Sm_COMBINED_FITTED.webp	Al	af984dc4b760cacf	112792
Al-Sm_COMBINED_PREDICTED.webp	Al	0ce89440d8cf3ab8	131590
Al-Sn_COMBINED_FITTED.webp	Al	7725753a93f07e42	87902
Al-Sn_COMBINED_PREDICTED.webp	Al	6c878cbd27911534	109934
Al-Sr_COMBINED_FITTED.webp	Al	d071df43110f19be	112386
Al-Sr_COMBINED_PREDICTED.webp	Al	2ae78db3023ed861	129790
Al-Ta_COMBINED_FITTED.webp	Al	99ec5e8478fc663d	65406
Al-Ta_COMBINED_PREDICTED.webp	Al	26bff7585dc5a692	126782
Al-Tb_COMBINED_FITTED.webp	Al	11058fd0a54fc0e1	112134
Al-Tb_COMBINED_PREDICTED.webp	Al	8675a9cafe5e066f	129694
Al-Th_COMBINED_FITTED.webp	Al	8741ea5b720b016a	112236
Al-Th_COMBINED_PREDICTED.webp	Al	5a7b4ea7cd49d274	129762
Al-Ti_COMBINED_FITTED.webp	Al	6391c8075f527e19	73318
Al-Ti_COMBINED_PREDICTED.webp	Al	7e10b034b7bed253	134834
Al-Tl_COMBINED_FITTED.webp	Al	953ffd811ebc6314	100830
Al-Tl_COMBINED_PREDICTED.webp	Al	161271bfe4408806	113570
Al-Tm_COMBINED_FITTED.webp	Al	5f487e37ffecbc84	110508
Al-Tm_COMBINED_PREDICTED.webp	Al	c98e0549a746ee70	126944
Al-V_COMBINED_FITTED.webp	Al	7c914087c9789a6f	68056
Al-V_COMBINED_PREDICTED.webp	Al	6d0b6a3e0e2a4e64	128474
Al-W_COMBINED_FITTED.webp	Al	f66e6f56e694e613	63882
Al-W_COMBINED_PREDICTED.webp	Al	a1e02844b8e8491e	120088
Al-Y_COMBINED_FITTED.webp	Al	7e1bc78c2c00e051	110096
Al-Y_COMBINED_PREDICTED.webp	Al	3eac5fb0da8c12a6	128046
Al-Yb_COMBINED_FITTED.webp	Al	68b19b1c92f3dfca	105092
Al-Yb_COMBINED_PREDICTED.webp	Al	eebb02f58a78d16a	125260
Al-Zn_COMBINED_FITTED.webp	Al	be4149c020616660	57580
Al-Zn_COMBINED_PREDICTED.webp	Al	2a73af9d9731a4a6	112326
Al-Zr_COMBINED_FITTED.webp	Al	aaecb66ba1c4140c	117986
Al-Zr_COMBINED_PREDICTED.webp	Al	90cc5c22c0909ac2	136506
Au-B_COMBINED_FITTED.webp	Au	bd80c92d73eaeda2	55288
Au-B_COMBINED_PREDICTED.webp	Au	df8fd0e7be366851	117190
Au-Ba_COMBINED_FITTED.webp	Au	3fade3759810e1b8	49550
Au-Ba_COMBINED_PREDICTED.webp	Au	b29f93f73f74885a	111448
Au-Be_COMBINED_FITTED.webp	Au	148f722aabc2b647	112664
Au-Be_COMBINED_PREDICTED.webp	Au	21449df82c5b905e	130036
Au-Bi_COMBINED_FITTED.webp	Au	ee2f16c8d2ac1591	94882
Au-Bi_COMBINED_PREDICTED.webp	Au	dfe127087e70fa76	114842
Au-C_COMBINED_FITTED.webp	Au	77f79808c24ada4c	41118
Au-C_COMBINED_PREDICTED.webp	Au	b008ae751d7f960d	97648
Au-Ca_COMBINED_FITTED.webp	Au	07565ffabd0aad04	121914
Au-Ca_COMBINED_PREDICTED.webp	Au	c7f6ca5d2ccfa54d	140422
Au-Cd_COMBINED_FITTED.webp	Au	0fa9ed6d620f534f	117922
Au-Cd_COMBINED_PREDICTED.webp	Au	53ca37cf0bb5f52f	136236
Au-Ce_COMBINED_FITTED.webp	Au	0e9cc17cd53786e5	111120
Au-Ce_COMBINED_PREDICTED.webp	Au	b4ea73fcd3b698f6	134236
Au-Co_COMBINED_FITTED.webp	Au	63e4e27ec3cd6d51	94538
Au-Co_COMBINED_PREDICTED.webp	Au	8d0b70dba893437b	113518
Au-Cr_COMBINED_FITTED.webp	Au	784a4b2865579e1f	59222
Au-Cr_COMBINED_PREDICTED.webp	Au	9ffac1e25a903072	118478
Au-Cu_COMBINED_FITTED.webp	Au	afef4b45da5bdb87	66256
Au-Cu_COMBINED_PREDICTED.webp	Au	e3054704814f260c	124518
Au-Dy_COMBINED_FITTED.webp	Au	653a00b3deba4c08	119742
Au-Dy_COMBINED_PREDICTED.webp	Au	fae50f6ce6782e78	137920
Au-Er_COMBINED_FITTED.webp	Au	6a10996517920533	117362
Au-Er_COMBINED_PREDICTED.webp	Au	ce518bab11359474	137154
Au-Eu_COMBINED_FITTED.webp	Au	142b4ea8808bc71d	122928
Au-Eu_COMBINED_PREDICTED.webp	Au	810f205c967816ea	133790
Au-Fe_COMBINED_FITTED.webp	Au	9ac80541328b61af	56998
Au-Fe_COMBINED_PREDICTED.webp	Au	4f2e8cb1e6d947eb	118362
Au-Ga_COMBINED_FITTED.webp	Au	4f504bbca77f959a	108382
Au-Ga_COMBINED_PREDICTED.webp	Au	edc790400d8544e8	127278
Au-Gd_COMBINED_FITTED.webp	Au	236c39b367cd7a88	116804
Au-Gd_COMBINED_PREDICTED.webp	Au	ee9e9b7917165abe	135010
Au-Ge_COMBINED_FITTED.webp	Au	832abb73aea35f68	92810
Au-Ge_COMBINED_PREDICTED.webp	Au	19ad088bda4c274d	111118
Au-Hf_COMBINED_FITTED.webp	Au	1f8eec7c50456882	117230
Au-Hf_COMBINED_PREDICTED.webp	Au	dd08193369ebffdf	136352
Au-Hg_COMBINED_FITTED.webp	Au	32eac0584a9b7200	59864
Au-Hg_COMBINED_PREDICTED.webp	Au	4c1dde5989c3940f	118866
Au-Ho_COMBINED_FITTED.webp	Au	77bee7f563821b60	117452
Au-Ho_COMBINED_PREDICTED.webp	Au	49dabb05ef15099d	132224
Au-In_COMBINED_FITTED.webp	Au	7d8748f23881bfc4	118108
Au-In_COMBINED_PREDICTED.webp	Au	e3892e1b96d8672c	132618
Au-Ir_COMBINED_FITTED.webp	Au	f7340bf45e2c100f	41874
Au-Ir_COMBINED_PREDICTED.webp	Au	522c02462e9c5ab6	96456
Au-La_COMBINED_FITTED.webp	Au	5fbab836732db696	115870
Au-La_COMBINED_PREDICTED.webp	Au	85874dfd69b60b0a	132274
Au-Li_COMBINED_FITTED.webp	Au	ffd317f304794904	67856
Au-Li_COMBINED_PREDICTED.webp	Au	091798e0f6dcd350	131904
Au-Lu_COMBINED_FITTED.webp	Au	7db866a0562647a1	112046
Au-Lu_COMBINED_PREDICTED.webp	Au	b8145bee9dcf7cae	134778
Au-Mg_COMBINED_FITTED.webp	Au	6fc7241a8f1c385a	119264
Au-Mg_COMBINED_PREDICTED.webp	Au	373bc9446a553b6c	141182
Au-Mn_COMBINED_FITTED.webp	Au	486475979281ef8c	74806
Au-Mn_COMBINED_PREDICTED.webp	Au	239368ca8dce069b	134886
Au-Mo_COMBINED_FITTED.webp	Au	ed01cb560644d623	89810
Au-Mo_COMBINED_PREDICTED.webp	Au	2a4e3c8ea4500809	107290
Au-Na_COMBINED_FITTED.webp	Au	99c1197956e7f664	109772
Au-Na_COMBINED_PREDICTED.webp	Au	8f69891e93770ea5	127562
Au-Nb_COMBINED_FITTED.webp	Au	67ed9f036247ad16	71026
Au-Nb_COMBINED_PREDICTED.webp	Au	8d69aad72e92cd1c	130026
Au-Nd_COMBINED_FITTED.webp	Au	58f17dfcafba6209	116096
Au-Nd_COMBINED_PREDICTED.webp	Au	49cb7a42e2277446	135154
Au-Ni_COMBINED_FITTED.webp	Au	283a45a4f819cf09	57754
Au-Ni_COMBINED_PREDICTED.webp	Au	a61a9463970e831c	115874
Au-Os_COMBINED_FITTED.webp	Au	fd8b36a63d645383	42048
Au-Os_COMBINED_PREDICTED.webp	Au	f4fa4b2a4f46ba8b	97996
Au-Pb_COMBINED_FITTED.webp	Au	e59c7bf00f356e71	100552
Au-Pb_COMBINED_PREDICTED.webp	Au	abfac64f6dc496aa	121032
Au-Pr_COMBINED_FITTED.webp	Au	95c6a598b972668b	117916
Au-Pr_COMBINED_PREDICTED.webp	Au	8e88d39f75dba148	135420
Au-Rb_COMBINED_FITTED.webp	Au	76598981103bc873	101582
Au-Rb_COMBINED_PREDICTED.webp	Au	cdd66ec12635cf51	125368
Au-Re_COMBINED_FITTED.webp	Au	ff8e6ec61fe9216a	42150
Au-Re_COMBINED_PREDICTED.webp	Au	8e055876f064d765	97428
Au-Rh_COMBINED_FITTED.webp	Au	e551398e12ded0fc	91834
Au-Rh_COMBINED_PREDICTED.webp	Au	1e3c0d333023d122	110390
Au-Ru_COMBINED_FITTED.webp	Au	b0349c340d870b00	88488
Au-Ru_COMBINED_PREDICTED.webp	Au	c47331b785018ece	110682
Au-Sc_COMBINED_FITTED.webp	Au	2ae0969e2df0f35e	118352
Au-Sc_COMBINED_PREDICTED.webp	Au	ff41f6e481bae2ea	137440
Au-Si_COMBINED_FITTED.webp	Au	d73f33f2cf4706c5	93794
Au-Si_COMBINED_PREDICTED.webp	Au	0b2238bde4cbbfdf	113438
Au-Sm_COMBINED_FITTED.webp	Au	4df086cb58efd611	122100
Au-Sm_COMBINED_PREDICTED.webp	Au	ff69d5285d6d6f82	142332
Au-Sn_COMBINED_FITTED.webp	Au	99a520b390159ee7	67260
Au-Sn_COMBINED_PREDICTED.webp	Au	21b1ef8acba402ed	126202
Au-Sr_COMBINED_FITTED.webp	Au	f0f3603feafcc6b3	124268
Au-Sr_COMBINED_PREDICTED.webp	Au	b02de8714af53e18	138506
Au-Ta_COMBINED_FITTED.webp	Au	20ead5bd2868f740	68532
Au-Ta_COMBINED_PREDICTED.webp	Au	58c44cfebbb93f26	126392
Au-Tb_COMBINED_FITTED.webp	Au	d5bbedc05c343f5b	117662
Au-Tb_COMBINED_PREDICTED.webp	Au	20def050786f6c0a	137488
Au-Th_COMBINED_FITTED.webp	Au	30e26c861153a5de	114634
Au-Th_COMBINED_PREDICTED.webp	Au	1095c59fad53b1ea	133954
Au-Ti_COMBINED_FITTED.webp	Au	51c6737bb3982cf8	111572
Au-Ti_COMBINED_PREDICTED.webp	Au	3dee5c859a83d4fe	130382
Au-Tl_COMBINED_FITTED.webp	Au	38f13083f4a73f7e	96716
Au-Tl_COMBINED_PREDICTED.webp	Au	548f96863b641f0f	116554
Au-Tm_COMBINED_FITTED.webp	Au	c442dd675e09a3b9	116428
Au-Tm_COMBINED_PREDICTED.webp	Au	77ab5811a21b34dc	132172
Au-V_COMBINED_FITTED.webp	Au	cd936f28129622c3	68200
Au-V_COMBINED_PREDICTED.webp	Au	1bed11f8677d0ea3	125286
Au-W_COMBINED_FITTED.webp	Au	6ce1e3c0a5b63be5	89332
Au-W_COMBINED_PREDICTED.webp	Au	eeeb1224bf4fc6cc	112554
Au-Y_COMBINED_FITTED.webp	Au	55f3a4fe206d08fc	48812
Au-Y_COMBINED_PREDICTED.webp	Au	7efeea0b87ca7f45	113466
Au-Yb_COMBINED_FITTED.webp	Au	8a621fbc73d98256	120104
Au-Yb_COMBINED_PREDICTED.webp	Au	36a3bbf9f9d134d9	140538
Au-Zn_COMBINED_FITTED.webp	Au	099e3b4e0678648e	120122
Au-Zn_COMBINED_PREDICTED.webp	Au	3f7cb416f2d4f5b8	139214
Au-Zr_COMBINED_FITTED.webp	Au	f8c3babc1f3c29ed	117470
Au-Zr_COMBINED_PREDICTED.webp	Au	af8442ec969493f7	135220
B-Ba_COMBINED_FITTED.webp	B	0ec6777ae74b2e78	63108
B-Ba_COMBINED_PREDICTED.webp	B	1f5b2aa0c35eed1c	116546
B-Be_COMBINED_FITTED.webp	B	84aadc41ac61eb1e	61970
B-Be_COMBINED_PREDICTED.webp	B	e59947c8ac913c8c	122258
B-Bi_COMBINED_FITTED.webp	B	9fe78617eef9c9ad	55094
B-Bi_COMBINED_PREDICTED.webp	B	f388a3a9805b2746	110498
B-C_COMBINED_FITTED.webp	B	2d4f98d3d77ea219	61570
B-C_COMBINED_PREDICTED.webp	B	5443f62e3367f54d	117260
B-Ca_COMBINED_FITTED.webp	B	926ac9b22e01a119	62654
B-Ca_COMBINED_PREDICTED.webp	B	42ff3754fc08387e	118632
B-Cd_COMBINED_FITTED.webp	B	5a2b24754d642609	93236
B-Cd_COMBINED_PREDICTED.webp	B	613eb57d5d827ed1	113158
B-Ce_COMBINED_FITTED.webp	B	f63e2693ef25ca04	106298
B-Ce_COMBINED_PREDICTED.webp	B	c4304bc21b8f980b	122220
B-Co_COMBINED_FITTED.webp	B	d176d7e0b3259827	62496
B-Co_COMBINED_PREDICTED.webp	B	9a9d7e8baae4152f	121202
B-Cr_COMBINED_FITTED.webp	B	9b0a07c952bebefe	113498
B-Cr_COMBINED_PREDICTED.webp	B	51d74fa059e64528	131330
B-Cu_COMBINED_FITTED.webp	B	0afcae7534639fc8	91688
B-Cu_COMBINED_PREDICTED.webp	B	40c5f8157bdaf456	112410
B-Dy_COMBINED_FITTED.webp	B	c8c87b541bdb2583	105924
B-Dy_COMBINED_PREDICTED.webp	B	667820eeee105410	125956
B-Er_COMBINED_FITTED.webp	B	0fddcba0983768ba	105072
B-Er_COMBINED_PREDICTED.webp	B	dd62aaf680463ad2	122332
B-Eu_COMBINED_FITTED.webp	B	dce89544c07bed7d	61352
B-Eu_COMBINED_PREDICTED.webp	B	7c12b6cf23dde2bc	118200
B-Fe_COMBINED_FITTED.webp	B	056ab50678162fb0	109376
B-Fe_COMBINED_PREDICTED.webp	B	f651567ae5910567	125222
B-Ga_COMBINED_FITTED.webp	B	4596df410e0658ba	53050
B-Ga_COMBINED_PREDICTED.webp	B	642fd4d4cc11179f	109328
B-Gd_COMBINED_FITTED.webp	B	371b52a2473f36f9	103708
B-Gd_COMBINED_PREDICTED.webp	B	15c7314877d68973	125000
B-Ge_COMBINED_FITTED.webp	B	0853e524b666fbad	53024
B-Ge_COMBINED_PREDICTED.webp	B	51b94f3077663a7c	108762
B-Hf_COMBINED_FITTED.webp	B	c875aa945345d1ef	112810
B-Hf_COMBINED_PREDICTED.webp	B	f1744aa6391c76c6	127830
B-Hg_COMBINED_FITTED.webp	B	7fbf2065c593400a	90446
B-Hg_COMBINED_PREDICTED.webp	B	3d861e436a1665a1	112600
B-Ho_COMBINED_FITTED.webp	B	6918bcde7f248c11	107506
B-Ho_COMBINED_PREDICTED.webp	B	f6332883ff2e0be5	124734
B-In_COMBINED_FITTED.webp	B	e553d76e28e7f7be	40842
B-In_COMBINED_PREDICTED.webp	B	3156426521cb90c2	93478
B-Ir_COMBINED_FITTED.webp	B	a2b06890564cc300	48060
B-Ir_COMBINED_PREDICTED.webp	B	0b9e2fe435e41426	103836
B-La_COMBINED_FITTED.webp	B	5fa59718accaf1cc	107706
B-La_COMBINED_PREDICTED.webp	B	ffb55e1581d71b67	123072
B-Li_COMBINED_FITTED.webp	B	3e6199154ee65ee9	62490
B-Li_COMBINED_PREDICTED.webp	B	9dbe1f444d27c32b	117488
B-Lu_COMBINED_FITTED.webp	B	295edad768a45b72	105398
B-Lu_COMBINED_PREDICTED.webp	B	3ca159734473df8c	121204
B-Mg_COMBINED_FITTED.webp	B	49b71863a44fa624	71940
B-Mg_COMBINED_PREDICTED.webp	B	4e3b6469eef8e5a3	127660
B-Mn_COMBINED_FITTED.webp	B	2fa72d9965ebf961	112566
B-Mn_COMBINED_PREDICTED.webp	B	4395a0aa882e61d3	127952
B-Mo_COMBINED_FITTED.webp	B	4c2d28b5f9e30c9b	110536
B-Mo_COMBINED_PREDICTED.webp	B	ece11ed38ae09921	130928
B-Na_COMBINED_FITTED.webp	B	070a12309a700306	47750
B-Na_COMBINED_PREDICTED.webp	B	f8addfb7b5aa4d37	100494
B-Nb_COMBINED_FITTED.webp	B	8add5b56bff1e549	115846
B-Nb_COMBINED_PREDICTED.webp	B	ae95d95d60cf373a	132218
B-Nd_COMBINED_FITTED.webp	B	7ce77bfba1f065e9	101768
B-Nd_COMBINED_PREDICTED.webp	B	12548c062ee054fb	124336
B-Ni_COMBINED_FITTED.webp	B	7f217e3e246620e4	106490
B-Ni_COMBINED_PREDICTED.webp	B	ab3ff4fccee0ebc9	125886
B-Os_COMBINED_FITTED.webp	B	3ca047cf41f82bff	110716
B-Os_COMBINED_PREDICTED.webp	B	ad80bac5c608aa52	121742
B-Pb_COMBINED_FITTED.webp	B	21e6a4d65c1deed3	50636
B-Pb_COMBINED_PREDICTED.webp	B	18998f1baab7db35	108260
B-Pr_COMBINED_FITTED.webp	B	6dd57fdc464077a5	102374
B-Pr_COMBINED_PREDICTED.webp	B	698ea8f2de6a922a	124136
B-Rb_COMBINED_FITTED.webp	B	ce9644c0001d425f	41484
B-Rb_COMBINED_PREDICTED.webp	B	53df0ddd63707454	95192
B-Re_COMBINED_FITTED.webp	B	1682cfc8efd49c31	111020
B-Re_COMBINED_PREDICTED.webp	B	e6744e5cc6bb6a23	128110
B-Rh_COMBINED_FITTED.webp	B	443479242098dc91	98572
B-Rh_COMBINED_PREDICTED.webp	B	3d73b9ff58cccf4d	120552
B-Ru_COMBINED_FITTED.webp	B	489a32ea0eb14946	109666
B-Ru_COMBINED_PREDICTED.webp	B	f5ae71c1699b44e3	126962
B-Sc_COMBINED_FITTED.webp	B	d88ab1089c6a85aa	112824
B-Sc_COMBINED_PREDICTED.webp	B	6b34a439e37f996b	125416
B-Si_COMBINED_FITTED.webp	B	c4d0c762f89d23d5	106644
B-Si_COMBINED_PREDICTED.webp	B	4e96b56244aedf6b	122804
B-Sm_COMBINED_FITTED.webp	B	75ae695deabcf976	111450
B-Sm_COMBINED_PREDICTED.webp	B	b89403f09fada22c	130332
B-Sn_COMBINED_FITTED.webp	B	29d0cf6d20298568	50488
B-Sn_COMBINED_PREDICTED.webp	B	bca0b6fe5a2d88ae	107626
B-Sr_COMBINED_FITTED.webp	B	3c51ec0b5affe16a	61556
B-Sr_COMBINED_PREDICTED.webp	B	194c026dede373e8	115794
B-Ta_COMBINED_FITTED.webp	B	31224992e7719d97	123924
B-Ta_COMBINED_PREDICTED.webp	B	a15e18812b7f8c90	137660
B-Tb_COMBINED_FITTED.webp	B	67804bd99ad0903b	110260
B-Tb_COMBINED_PREDICTED.webp	B	8a081bf793fb32d6	127032
B-Th_COMBINED_FITTED.webp	B	776f7073d088b18e	105808
B-Th_COMBINED_PREDICTED.webp	B	4b3f73af8011d589	123430
B-Ti_COMBINED_FITTED.webp	B	adb6ecefe95cf36d	106836
B-Ti_COMBINED_PREDICTED.webp	B	754031bc2ff00d77	124460
B-Tl_COMBINED_FITTED.webp	B	da59289920add26c	52426
B-Tl_COMBINED_PREDICTED.webp	B	a13f320d5d15788d	110362
B-Tm_COMBINED_FITTED.webp	B	fd37a7e17d810785	102438
B-Tm_COMBINED_PREDICTED.webp	B	eb062830961d1882	123832
B-V_COMBINED_FITTED.webp	B	f374cdc22394e494	111310
B-V_COMBINED_PREDICTED.webp	B	021aee41ee2aff46	127208
B-W_COMBINED_FITTED.webp	B	d885f7d03a0f8d22	109842
B-W_COMBINED_PREDICTED.webp	B	31190889077ec774	128810
B-Y_COMBINED_FITTED.webp	B	2f80627ebb916b71	104596
B-Y_COMBINED_PREDICTED.webp	B	082d7fd0616b512d	125444
B-Yb_COMBINED_FITTED.webp	B	0282541b8e733018	61986
B-Yb_COMBINED_PREDICTED.webp	B	1f56fdfd41fb4266	119984
B-Zn_COMBINED_FITTED.webp	B	77139502359e253f	50128
B-Zn_COMBINED_PREDICTED.webp	B	610e7c4d57fb5ccd	104848
B-Zr_COMBINED_FITTED.webp	B	76cf9ea9fae441ae	109680
B-Zr_COMBINED_PREDICTED.webp	B	d93590d99c1a8b4d	124840
Ba-Be_COMBINED_FITTED.webp	Ba	867f46ca6743e165	63308
Ba-Be_COMBINED_PREDICTED.webp	Ba	45d858ef9021db75	125006
Ba-Bi_COMBINED_FITTED.webp	Ba	0924afab88988dd6	61602
Ba-Bi_COMBINED_PREDICTED.webp	Ba	65ea558cb158ba8e	123086
Ba-C_COMBINED_FITTED.webp	Ba	91df02576946c1b1	47752
Ba-C_COMBINED_PREDICTED.webp	Ba	77d946df24ffb1ae	102368
Ba-Ca_COMBINED_FITTED.webp	Ba	da345c338bd04e44	41420
Ba-Ca_COMBINED_PREDICTED.webp	Ba	66d9dcb3f19a67a3	94360
Ba-Cd_COMBINED_FITTED.webp	Ba	f56f536c32ad16fa	108832
Ba-Cd_COMBINED_PREDICTED.webp	Ba	927db51c35397025	131564
Ba-Ce_COMBINED_FITTED.webp	Ba	922eac9be426854a	40746
Ba-Ce_COMBINED_PREDICTED.webp	Ba	9a59ed33d42b9b61	97058
Ba-Co_COMBINED_FITTED.webp	Ba	064c22b63154a5bc	41450
Ba-Co_COMBINED_PREDICTED.webp	Ba	3ebca5867cf30ffb	96862
Ba-Cr_COMBINED_FITTED.webp	Ba	eb93197a5fd02de8	40708
Ba-Cr_COMBINED_PREDICTED.webp	Ba	ff61d6fbb4fa27fd	96402
Ba-Cu_COMBINED_FITTED.webp	Ba	1f7eb5a4afa69aa9	103396
Ba-Cu_COMBINED_PREDICTED.webp	Ba	c017ea6ded4cb515	119828
Ba-Dy_COMBINED_FITTED.webp	Ba	435288b4a345a64d	40686
Ba-Dy_COMBINED_PREDICTED.webp	Ba	e660510749ace737	98594
Ba-Er_COMBINED_FITTED.webp	Ba	55ce0d73476908f3	40842
Ba-Er_COMBINED_PREDICTED.webp	Ba	bb45fadb51a52501	94696
Ba-Eu_COMBINED_FITTED.webp	Ba	451c26866a022eff	54136
Ba-Eu_COMBINED_PREDICTED.webp	Ba	b344fae6c9621331	113824
Ba-Fe_COMBINED_FITTED.webp	Ba	5ea21e694d782254	53634
Ba-Fe_COMBINED_PREDICTED.webp	Ba	bb6607d8b33542ef	110086
Ba-Ga_COMBINED_FITTED.webp	Ba	d9659742732cd8db	107642
Ba-Ga_COMBINED_PREDICTED.webp	Ba	9240c51d09c3af71	127286
Ba-Gd_COMBINED_FITTED.webp	Ba	de2ece6acd5af933	51768
Ba-Gd_COMBINED_PREDICTED.webp	Ba	46adb58c09ac122e	111164
Ba-Ge_COMBINED_FITTED.webp	Ba	f066a64e7679ab8d	107426
Ba-Ge_COMBINED_PREDICTED.webp	Ba	823234afbecb75c2	127680
Ba-Hf_COMBINED_FITTED.webp	Ba	0e48e2972fb599d3	40840
Ba-Hf_COMBINED_PREDICTED.webp	Ba	ce6eca1772d073c4	93682
Ba-Hg_COMBINED_FITTED.webp	Ba	f31e1e6d819b57be	112586
Ba-Hg_COMBINED_PREDICTED.webp	Ba	b9e9908e845b2b1e	133146
Ba-Ho_COMBINED_FITTED.webp	Ba	ad234ff659b9b757	40900
Ba-Ho_COMBINED_PREDICTED.webp	Ba	a9c9b162ddfb5517	95514
Ba-In_COMBINED_FITTED.webp	Ba	ebbec14c607f074d	110944
Ba-In_COMBINED_PREDICTED.webp	Ba	c626375d3e4f0a84	130006
Ba-Ir_COMBINED_FITTED.webp	Ba	3e91fe45e71564b1	40648
Ba-Ir_COMBINED_PREDICTED.webp	Ba	fff03d5817cd392d	95286
Ba-La_COMBINED_FITTED.webp	Ba	4464c8006c0eee60	52982
Ba-La_COMBINED_PREDICTED.webp	Ba	b91903cd223af764	110796
Ba-Li_COMBINED_FITTED.webp	Ba	6e5f0d117e2e1866	91560
Ba-Li_COMBINED_PREDICTED.webp	Ba	d89287aea7a71d47	113022
Ba-Lu_COMBINED_FITTED.webp	Ba	af82cbf8804a9edd	40458
Ba-Lu_COMBINED_PREDICTED.webp	Ba	bb68111b49353f0f	94362
Ba-Mg_COMBINED_FITTED.webp	Ba	42eb5e1c101e1966	101808
Ba-Mg_COMBINED_PREDICTED.webp	Ba	d5f8e52c83c69da2	124592
Ba-Mn_COMBINED_FITTED.webp	Ba	12e1568ecdb303a1	53712
Ba-Mn_COMBINED_PREDICTED.webp	Ba	bdbf9a62f78ec535	113906
Ba-Mo_COMBINED_FITTED.webp	Ba	e1a1b25b782ff226	52586
Ba-Mo_COMBINED_PREDICTED.webp	Ba	97ddd079c2dc9d9e	110060
Ba-Na_COMBINED_FITTED.webp	Ba	7cf7650fc4f85bdc	101600
Ba-Na_COMBINED_PREDICTED.webp	Ba	092d5558ec8f48a7	119098
Ba-Nb_COMBINED_FITTED.webp	Ba	6e493248881be14f	41016
Ba-Nb_COMBINED_PREDICTED.webp	Ba	c255db2fcd29edf7	95272
Ba-Nd_COMBINED_FITTED.webp	Ba	93cca5fadf2b2377	49606
Ba-Nd_COMBINED_PREDICTED.webp	Ba	8def0a6d0862e227	106742
Ba-Ni_COMBINED_FITTED.webp	Ba	9be9879c6ba29ce0	53136
Ba-Ni_COMBINED_PREDICTED.webp	Ba	a37ce1effdbdb653	107412
Ba-Os_COMBINED_FITTED.webp	Ba	a863f217b39b39a7	40584
Ba-Os_COMBINED_PREDICTED.webp	Ba	c44448f232a94ba1	94986
Ba-Pb_COMBINED_FITTED.webp	Ba	7fb65ee6d2c6c9b3	115202
Ba-Pb_COMBINED_PREDICTED.webp	Ba	ae733307fc4afc45	131848
Ba-Pr_COMBINED_FITTED.webp	Ba	c9b2c702ccc99034	51598
Ba-Pr_COMBINED_PREDICTED.webp	Ba	9eeba71bd69625aa	109206
Ba-Rb_COMBINED_FITTED.webp	Ba	bb338f45452bdcd4	41722
Ba-Rb_COMBINED_PREDICTED.webp	Ba	98a51032e06cc89a	95224
Ba-Re_COMBINED_FITTED.webp	Ba	fe28fc9dc0777a98	40636
Ba-Re_COMBINED_PREDICTED.webp	Ba	55445bc231b70086	96208
Ba-Rh_COMBINED_FITTED.webp	Ba	dbde86def7601b6b	47434
Ba-Rh_COMBINED_PREDICTED.webp	Ba	376f982689211500	104044
Ba-Ru_COMBINED_FITTED.webp	Ba	cacbb9c616646393	40734
Ba-Ru_COMBINED_PREDICTED.webp	Ba	c82ddef2c1c5f331	95444
Ba-Sc_COMBINED_FITTED.webp	Ba	7b5d0e7affd030ec	52168
Ba-Sc_COMBINED_PREDICTED.webp	Ba	16cd41d21a190815	111632
Ba-Si_COMBINED_FITTED.webp	Ba	bb0b908b750fd307	107650
Ba-Si_COMBINED_PREDICTED.webp	Ba	e4a286265e2b7ccb	125622
Ba-Sm_COMBINED_FITTED.webp	Ba	d703e8e6f051054e	52586
Ba-Sm_COMBINED_PREDICTED.webp	Ba	34b58e7ec109b14e	112182
Ba-Sn_COMBINED_FITTED.webp	Ba	3a673e42c0d517c0	61110
Ba-Sn_COMBINED_PREDICTED.webp	Ba	f14b1bb899052d30	123350
Ba-Sr_COMBINED_FITTED.webp	Ba	8fe5f9ca4e9eaaee	57976
Ba-Sr_COMBINED_PREDICTED.webp	Ba	1013f5c0845af8f8	116808
Ba-Ta_COMBINED_FITTED.webp	Ba	4eca7a48cd312b26	40632
Ba-Ta_COMBINED_PREDICTED.webp	Ba	223f70a518016f90	94874
Ba-Tb_COMBINED_FITTED.webp	Ba	3ab8864dd0d21b12	40854
Ba-Tb_COMBINED_PREDICTED.webp	Ba	bf317287c92b3cd1	97306
Ba-Th_COMBINED_FITTED.webp	Ba	e563878de022847b	40668
Ba-Th_COMBINED_PREDICTED.webp	Ba	346eb376a1111524	98078
Ba-Ti_COMBINED_FITTED.webp	Ba	120657b4716d300a	53084
Ba-Ti_COMBINED_PREDICTED.webp	Ba	5984c53910285a87	105172
Ba-Tl_COMBINED_FITTED.webp	Ba	4a5a7c8ee301c838	65062
Ba-Tl_COMBINED_PREDICTED.webp	Ba	a84ac952fee77ebf	129726
Ba-Tm_COMBINED_FITTED.webp	Ba	2b8a127f42c704b6	40852
Ba-Tm_COMBINED_PREDICTED.webp	Ba	260af869bab3d7cd	93384
Ba-V_COMBINED_FITTED.webp	Ba	5872cb601ec21d62	49968
Ba-V_COMBINED_PREDICTED.webp	Ba	d69b43bdcf1120b0	104130
Ba-W_COMBINED_FITTED.webp	Ba	0e25ea8b81aed6d7	40744
Ba-W_COMBINED_PREDICTED.webp	Ba	3d5cd0dc488ef00d	96488
Ba-Y_COMBINED_FITTED.webp	Ba	c8b745cfd2bd9adf	98976
Ba-Y_COMBINED_PREDICTED.webp	Ba	77e45bfa71bb9750	117384
Ba-Yb_COMBINED_FITTED.webp	Ba	ee756f48793d69b9	55584
Ba-Yb_COMBINED_PREDICTED.webp	Ba	902c1662186ed4ad	114386
Ba-Zn_COMBINED_FITTED.webp	Ba	56a46de5a7491de7	102564
Ba-Zn_COMBINED_PREDICTED.webp	Ba	29a204cc1658af5b	125678
Ba-Zr_COMBINED_FITTED.webp	Ba	19fefa7c05f6dfda	40850
Ba-Zr_COMBINED_PREDICTED.webp	Ba	c6cb765842ccf840	96678
Be-Bi_COMBINED_FITTED.webp	Be	a8b36c1e86a5300c	53082
Be-Bi_COMBINED_PREDICTED.webp	Be	bdc997a949a4fb58	108666
Be-C_COMBINED_FITTED.webp	Be	319196b6d41817bb	48932
Be-C_COMBINED_PREDICTED.webp	Be	7bf343cfd65629a7	104430
Be-Ca_COMBINED_FITTED.webp	Be	23d00ca6e6d9df13	62358
Be-Ca_COMBINED_PREDICTED.webp	Be	06fb82fb56514aec	120954
Be-Cd_COMBINED_FITTED.webp	Be	b42e015842648b87	41682
Be-Cd_COMBINED_PREDICTED.webp	Be	e01f0b5a5011ec99	93868
Be-Ce_COMBINED_FITTED.webp	Be	38ed0618e69d6ff8	122474
Be-Ce_COMBINED_PREDICTED.webp	Be	8868fc7819d2181b	183014
Be-Co_COMBINED_FITTED.webp	Be	7daa3bc5e3700d8e	74162
Be-Co_COMBINED_PREDICTED.webp	Be	345e73e6a5648554	137226
Be-Cr_COMBINED_FITTED.webp	Be	ff5ecade2778ce96	110244
Be-Cr_COMBINED_PREDICTED.webp	Be	211bd3de6a8238ad	126270
Be-Cu_COMBINED_FITTED.webp	Be	3651f3dfb591bfb8	66894
Be-Cu_COMBINED_PREDICTED.webp	Be	79a3fac7c9bc1f5c	126862
Be-Dy_COMBINED_FITTED.webp	Be	22a1b66040a143e9	47974
Be-Dy_COMBINED_PREDICTED.webp	Be	79f1363368e1a247	106610
Be-Er_COMBINED_FITTED.webp	Be	3890ac6a093ab3be	48254
Be-Er_COMBINED_PREDICTED.webp	Be	7d72e41e6036e0e8	104550
Be-Eu_COMBINED_FITTED.webp	Be	b989196eab3b945e	47526
Be-Eu_COMBINED_PREDICTED.webp	Be	06c3872841942219	101352
Be-Fe_COMBINED_FITTED.webp	Be	a67538fb9468175c	69332
Be-Fe_COMBINED_PREDICTED.webp	Be	ba3cb1c45a188643	131680
Be-Ga_COMBINED_FITTED.webp	Be	9a009b2d680703e3	90848
Be-Ga_COMBINED_PREDICTED.webp	Be	d81a73e9eb2648cc	111836
Be-Gd_COMBINED_FITTED.webp	Be	04a54d855c69e78e	48392
Be-Gd_COMBINED_PREDICTED.webp	Be	e5b52fe95f7a506d	104160
Be-Ge_COMBINED_FITTED.webp	Be	7dbc6e08a6e44c59	90690
Be-Ge_COMBINED_PREDICTED.webp	Be	908db21554506801	109592
Be-Hf_COMBINED_FITTED.webp	Be	fc3ffb95d87e0fe4	110574
Be-Hf_COMBINED_PREDICTED.webp	Be	da25f1002f3a2f09	131568
Be-Hg_COMBINED_FITTED.webp	Be	75ab1026b88eadd4	54034
Be-Hg_COMBINED_PREDICTED.webp	Be	02a6d57b58d5fa1e	108330
Be-Ho_COMBINED_FITTED.webp	Be	2a600c158f1f23a2	48256
Be-Ho_COMBINED_PREDICTED.webp	Be	961ef2345c6b0563	103304
Be-In_COMBINED_FITTED.webp	Be	8cd3a1231ece5238	51980
Be-In_COMBINED_PREDICTED.webp	Be	03813b201ea0a581	107716
Be-Ir_COMBINED_FITTED.webp	Be	cd453b3e80026502	48154
Be-Ir_COMBINED_PREDICTED.webp	Be	b33fa01643dbfe8e	108452
Be-La_COMBINED_FITTED.webp	Be	d53e325e8b9b334b	47784
Be-La_COMBINED_PREDICTED.webp	Be	717876d8c3aca3e3	106064
Be-Li_COMBINED_FITTED.webp	Be	4c44b7a58e572fd3	51678
Be-Li_COMBINED_PREDICTED.webp	Be	aaf7228dab66bc40	109244
Be-Lu_COMBINED_FITTED.webp	Be	c354ac814f10fe73	48190
Be-Lu_COMBINED_PREDICTED.webp	Be	cc0aa39121b981a5	104012
Be-Mg_COMBINED_FITTED.webp	Be	787f8d06c9777f4c	61892
Be-Mg_COMBINED_PREDICTED.webp	Be	6b162df02d4d6e8e	118458
Be-Mn_COMBINED_FITTED.webp	Be	58a75be03f49ea77	49334
Be-Mn_COMBINED_PREDICTED.webp	Be	d238968a3e855b3a	107450
Be-Mo_COMBINED_FITTED.webp	Be	876ee3ec37f38225	108072
Be-Mo_COMBINED_PREDICTED.webp	Be	b77dd87ea98a9a1f	123812
Be-Na_COMBINED_FITTED.webp	Be	2a33d692bce690d3	53242
Be-Na_COMBINED_PREDICTED.webp	Be	f1abbff0ca8ac2d2	109014
Be-Nb_COMBINED_FITTED.webp	Be	3ae000b042fe61ed	111372
Be-Nb_COMBINED_PREDICTED.webp	Be	e631dd71df3c4a36	129788
Be-Nd_COMBINED_FITTED.webp	Be	a800cb7613de7f1a	47726
Be-Nd_COMBINED_PREDICTED.webp	Be	a97ea58fb50e5eb8	104852
Be-Ni_COMBINED_FITTED.webp	Be	c54f3b8db531ea6d	69888
Be-Ni_COMBINED_PREDICTED.webp	Be	fe4228ceaeeb30d1	134418
Be-Os_COMBINED_FITTED.webp	Be	4237629806bc1b39	49260
Be-Os_COMBINED_PREDICTED.webp	Be	0c26a4859c739c6e	105682
Be-Pb_COMBINED_FITTED.webp	Be	0533eaae1b8c64fe	42256
Be-Pb_COMBINED_PREDICTED.webp	Be	3af8098b96a09677	94498
Be-Pr_COMBINED_FITTED.webp	Be	a0726e165932b244	48154
Be-Pr_COMBINED_PREDICTED.webp	Be	b4e05434e1496355	106548
Be-Rb_COMBINED_FITTED.webp	Be	959716fc03dced33	41264
Be-Rb_COMBINED_PREDICTED.webp	Be	31e8ed2c1b619e09	96554
Be-Re_COMBINED_FITTED.webp	Be	4ddd98ee16325eb8	70048
Be-Re_COMBINED_PREDICTED.webp	Be	d12addbeada873a8	129270
Be-Rh_COMBINED_FITTED.webp	Be	f8abb663400b1a13	48844
Be-Rh_COMBINED_PREDICTED.webp	Be	26993b731040847e	109866
Be-Ru_COMBINED_FITTED.webp	Be	13a5c2473fa18c35	111320
Be-Ru_COMBINED_PREDICTED.webp	Be	1a6cedd4651e51da	129418
Be-Sc_COMBINED_FITTED.webp	Be	8aabd33d20fc883f	105266
Be-Sc_COMBINED_PREDICTED.webp	Be	e540cf4f55b09ff6	126956
Be-Si_COMBINED_FITTED.webp	Be	cb26413aa75c7c33	90578
Be-Si_COMBINED_PREDICTED.webp	Be	e750fab1d2711e71	110650
Be-Sm_COMBINED_FITTED.webp	Be	fa471a90a9610813	47936
Be-Sm_COMBINED_PREDICTED.webp	Be	1b011a11fa9ebb7a	106358
Be-Sn_COMBINED_FITTED.webp	Be	489a3ca662e920eb	54260
Be-Sn_COMBINED_PREDICTED.webp	Be	8bd6a548ba9e32b0	108950
Be-Sr_COMBINED_FITTED.webp	Be	da8626c19942dc20	59678
Be-Sr_COMBINED_PREDICTED.webp	Be	f4f6a62e207a493c	120712
Be-Ta_COMBINED_FITTED.webp	Be	b63e9657da0f835d	79516
Be-Ta_COMBINED_PREDICTED.webp	Be	b43bf98245b9aa4c	139486
Be-Tb_COMBINED_FITTED.webp	Be	f0b48995102f8db5	48094
Be-Tb_COMBINED_PREDICTED.webp	Be	6d8001a20c0b490c	105154
Be-Th_COMBINED_FITTED.webp	Be	e28063ecbb4f7be2	103120
Be-Th_COMBINED_PREDICTED.webp	Be	547690fd15b4e6b8	120676
Be-Ti_COMBINED_FITTED.webp	Be	a7158ad81c1b84e2	106870
Be-Ti_COMBINED_PREDICTED.webp	Be	2b24b478de5fb6f8	124162
Be-Tl_COMBINED_FITTED.webp	Be	f1ce36c7b4c059d9	41388
Be-Tl_COMBINED_PREDICTED.webp	Be	e4669e98770fa259	94240
Be-Tm_COMBINED_FITTED.webp	Be	d86ace8064bd67b1	48438
Be-Tm_COMBINED_PREDICTED.webp	Be	3247ad24d119e022	103294
Be-V_COMBINED_FITTED.webp	Be	e00cc854f9a9ad98	105070
Be-V_COMBINED_PREDICTED.webp	Be	405ea93270c479dc	123638
Be-W_COMBINED_FITTED.webp	Be	7e0b9cb90ffe66d1	105958
Be-W_COMBINED_PREDICTED.webp	Be	219fdf7afc5fc8ce	126242
Be-Y_COMBINED_FITTED.webp	Be	e1c31962b780b6c4	107450
Be-Y_COMBINED_PREDICTED.webp	Be	3266ffd07a03d965	123464
Be-Yb_COMBINED_FITTED.webp	Be	8c534d3e8b873532	116604
Be-Yb_COMBINED_PREDICTED.webp	Be	b872c2183b22b97e	176920
Be-Zn_COMBINED_FITTED.webp	Be	afab7a5ea16e68d0	92034
Be-Zn_COMBINED_PREDICTED.webp	Be	c85286e2314a4fb6	111842
Be-Zr_COMBINED_FITTED.webp	Be	7b387d0985d54cf3	108864
Be-Zr_COMBINED_PREDICTED.webp	Be	0cb351ae19a32cdf	128974
Bi-C_COMBINED_FITTED.webp	Bi	91479dd497afed9e	41462
Bi-C_COMBINED_PREDICTED.webp	Bi	1e7ff993979c3178	95296
Bi-Ca_COMBINED_FITTED.webp	Bi	73ef84225a1b8c40	111922
Bi-Ca_COMBINED_PREDICTED.webp	Bi	2369e7db9d28bd0f	128774
Bi-Cd_COMBINED_FITTED.webp	Bi	0e260fb44f5ae842	88314
Bi-Cd_COMBINED_PREDICTED.webp	Bi	47996b835e6052e7	108552
Bi-Ce_COMBINED_FITTED.webp	Bi	ef312349dee79120	117800
Bi-Ce_COMBINED_PREDICTED.webp	Bi	6750cd014503f207	128650
Bi-Co_COMBINED_FITTED.webp	Bi	65e306d0c191aa84	51728
Bi-Co_COMBINED_PREDICTED.webp	Bi	f489fec3609ff1e7	108296
Bi-Cr_COMBINED_FITTED.webp	Bi	1f1a900217972486	90820
Bi-Cr_COMBINED_PREDICTED.webp	Bi	71cee0553153acc0	109106
Bi-Cu_COMBINED_FITTED.webp	Bi	7a6369b463838a83	90908
Bi-Cu_COMBINED_PREDICTED.webp	Bi	ae721c5c71b1bdd0	109870
Bi-Dy_COMBINED_FITTED.webp	Bi	832874484604285d	101030
Bi-Dy_COMBINED_PREDICTED.webp	Bi	21aefc7dbee9d95d	126228
Bi-Er_COMBINED_FITTED.webp	Bi	4d413d56999081cb	105452
Bi-Er_COMBINED_PREDICTED.webp	Bi	b082f9911651aecd	121482
Bi-Eu_COMBINED_FITTED.webp	Bi	26743dad4b4bec23	49146
Bi-Eu_COMBINED_PREDICTED.webp	Bi	62c5c2659ac0e841	107690
Bi-Fe_COMBINED_FITTED.webp	Bi	ebc033a55bc82e33	53922
Bi-Fe_COMBINED_PREDICTED.webp	Bi	d8fe4c4d4d874051	107820
Bi-Ga_COMBINED_FITTED.webp	Bi	ab717890a0e46fe3	91826
Bi-Ga_COMBINED_PREDICTED.webp	Bi	0dc2b7fdcf913e7f	109702
Bi-Gd_COMBINED_FITTED.webp	Bi	624423f7014c81b9	109016
Bi-Gd_COMBINED_PREDICTED.webp	Bi	4f720f535c8e65a8	127330
Bi-Ge_COMBINED_FITTED.webp	Bi	34e7969e47a95411	87514
Bi-Ge_COMBINED_PREDICTED.webp	Bi	60ff7867f4335be1	105626
Bi-Hf_COMBINED_FITTED.webp	Bi	4c29c86335b27907	121440
Bi-Hf_COMBINED_PREDICTED.webp	Bi	473afe0fd8f5d502	180030
Bi-Hg_COMBINED_FITTED.webp	Bi	3ef742b3a2320e91	92356
Bi-Hg_COMBINED_PREDICTED.webp	Bi	ae9498b3cb7d5475	113862
Bi-Ho_COMBINED_FITTED.webp	Bi	e97b8d05c2b3c8a4	106026
Bi-Ho_COMBINED_PREDICTED.webp	Bi	670b5436a8b49d70	122128
Bi-In_COMBINED_FITTED.webp	Bi	f1e450f5ce08007e	61136
Bi-In_COMBINED_PREDICTED.webp	Bi	623a9ba43ca5602b	118096
Bi-Ir_COMBINED_FITTED.webp	Bi	46cfbce8ec50bc5d	57162
Bi-Ir_COMBINED_PREDICTED.webp	Bi	870fe32a447fe3b8	115728
Bi-La_COMBINED_FITTED.webp	Bi	5344c9ae6617fcc2	108830
Bi-La_COMBINED_PREDICTED.webp	Bi	9f6f44999c41b410	128914
Bi-Li_COMBINED_FITTED.webp	Bi	4a0e788d1368fc84	108082
Bi-Li_COMBINED_PREDICTED.webp	Bi	2c3950c62994bf3a	127258
Bi-Lu_COMBINED_FITTED.webp	Bi	474a7feaffc4a097	103340
Bi-Lu_COMBINED_PREDICTED.webp	Bi	5bbdc8056cefc71d	120132
Bi-Mg_COMBINED_FITTED.webp	Bi	682f0e6bc508ade7	109908
Bi-Mg_COMBINED_PREDICTED.webp	Bi	1523cfd0076caf85	128418
Bi-Mn_COMBINED_FITTED.webp	Bi	cb12e3a4c6cced8f	56754
Bi-Mn_COMBINED_PREDICTED.webp	Bi	52b414eed816c286	111740
Bi-Mo_COMBINED_FITTED.webp	Bi	cb1fe476a209421e	54484
Bi-Mo_COMBINED_PREDICTED.webp	Bi	7c7221e2ed03e423	107498
Bi-Na_COMBINED_FITTED.webp	Bi	4457d0c5e907709d	109928
Bi-Na_COMBINED_PREDICTED.webp	Bi	21aded450d2fa79e	123776
Bi-Nb_COMBINED_FITTED.webp	Bi	809715736795faf1	41206
Bi-Nb_COMBINED_PREDICTED.webp	Bi	5f8faceec66113a5	95312
Bi-Nd_COMBINED_FITTED.webp	Bi	a0513a792d130e64	112186
Bi-Nd_COMBINED_PREDICTED.webp	Bi	e81e346cea72a5e7	128160
Bi-Ni_COMBINED_FITTED.webp	Bi	275a785399b0d763	97416
Bi-Ni_COMBINED_PREDICTED.webp	Bi	87da5a6fbe710059	120326
Bi-Os_COMBINED_FITTED.webp	Bi	cdeeec41cff6885c	52270
Bi-Os_COMBINED_PREDICTED.webp	Bi	e77ed0bed806502e	105432
Bi-Pb_COMBINED_FITTED.webp	Bi	21bd8056596a763c	93230
Bi-Pb_COMBINED_PREDICTED.webp	Bi	f6ace4889248dca7	114812
Bi-Pr_COMBINED_FITTED.webp	Bi	60de5561ed0d0268	112448
Bi-Pr_COMBINED_PREDICTED.webp	Bi	64f7ef37ccc53c11	126666
Bi-Rb_COMBINED_FITTED.webp	Bi	55cf3ca4d5224409	110046
Bi-Rb_COMBINED_PREDICTED.webp	Bi	50863fdc32c41b16	127782
Bi-Re_COMBINED_FITTED.webp	Bi	920796ca16113b36	52602
Bi-Re_COMBINED_PREDICTED.webp	Bi	d074933e2bd6587b	106772
Bi-Rh_COMBINED_FITTED.webp	Bi	69b98a0ad39183c2	97928
Bi-Rh_COMBINED_PREDICTED.webp	Bi	94de660593912a95	124042
Bi-Ru_COMBINED_FITTED.webp	Bi	8e88cca3819bb74b	42502
Bi-Ru_COMBINED_PREDICTED.webp	Bi	c4ca206e7891ced7	94142
Bi-Sc_COMBINED_FITTED.webp	Bi	8584c033d2db613d	49132
Bi-Sc_COMBINED_PREDICTED.webp	Bi	bf3ba67bd88c46f6	105898
Bi-Si_COMBINED_FITTED.webp	Bi	c5228b3353dc2257	51694
Bi-Si_COMBINED_PREDICTED.webp	Bi	775519210d1f1fc0	105696
Bi-Sm_COMBINED_FITTED.webp	Bi	d20a78bb6ba6fa95	115644
Bi-Sm_COMBINED_PREDICTED.webp	Bi	43f199b4241d2899	129966
Bi-Sn_COMBINED_FITTED.webp	Bi	442b2e4fb6da0db8	55600
Bi-Sn_COMBINED_PREDICTED.webp	Bi	f6a1a402adf05c38	112478
Bi-Sr_COMBINED_FITTED.webp	Bi	e5b8f85642d1bfa6	63750
Bi-Sr_COMBINED_PREDICTED.webp	Bi	d42f4b19e0009d0a	130016
Bi-Ta_COMBINED_FITTED.webp	Bi	7be7deb4b658e479	52196
Bi-Ta_COMBINED_PREDICTED.webp	Bi	676963241b70d933	105856
Bi-Tb_COMBINED_FITTED.webp	Bi	e78cda982bf23204	109522
Bi-Tb_COMBINED_PREDICTED.webp	Bi	182f3da9498afb21	124830
Bi-Th_COMBINED_FITTED.webp	Bi	524f260c26650654	104326
Bi-Th_COMBINED_PREDICTED.webp	Bi	664d023baa6d3090	124862
Bi-Ti_COMBINED_FITTED.webp	Bi	cd87970c594514d1	65768
Bi-Ti_COMBINED_PREDICTED.webp	Bi	8c4a25c32f71f0d9	124954
Bi-Tl_COMBINED_FITTED.webp	Bi	722b50f74e37b476	106684
Bi-Tl_COMBINED_PREDICTED.webp	Bi	f449b4f6d4955a94	128110
Bi-Tm_COMBINED_FITTED.webp	Bi	ef26578fbad05123	105658
Bi-Tm_COMBINED_PREDICTED.webp	Bi	9ae4edad9077846c	121956
Bi-V_COMBINED_FITTED.webp	Bi	c33b7b795d33ac82	90288
Bi-V_COMBINED_PREDICTED.webp	Bi	8f292ca5da8ec7a5	108562
Bi-W_COMBINED_FITTED.webp	Bi	7dd54bed136b1acb	42492
Bi-W_COMBINED_PREDICTED.webp	Bi	565f01efb57c2b81	96190
Bi-Y_COMBINED_FITTED.webp	Bi	9a2c1814d6e4198f	108018
Bi-Y_COMBINED_PREDICTED.webp	Bi	7a8dc36f72d1eda0	123982
Bi-Yb_COMBINED_FITTED.webp	Bi	e1a51c0254a4339c	111234
Bi-Yb_COMBINED_PREDICTED.webp	Bi	00d00455453c7aa0	130928
Bi-Zn_COMBINED_FITTED.webp	Bi	2badd4d12e535149	90756
Bi-Zn_COMBINED_PREDICTED.webp	Bi	a48d46afc7d3d184	112292
Bi-Zr_COMBINED_FITTED.webp	Bi	3ed01619fec6caf1	107590
Bi-Zr_COMBINED_PREDICTED.webp	Bi	8de12511e58ffc0c	125714
C-Ca_COMBINED_FITTED.webp	C	e61992b738312095	53780
C-Ca_COMBINED_PREDICTED.webp	C	de8a4048bf3eb95e	115888
C-Cd_COMBINED_FITTED.webp	C	53b2786bc65e89e8	41352
C-Cd_COMBINED_PREDICTED.webp	C	84effa02ef5d9c85	94528
C-Ce_COMBINED_FITTED.webp	C	07c554fc5740a14d	60728
C-Ce_COMBINED_PREDICTED.webp	C	450936a19f75e0e3	119388
C-Co_COMBINED_FITTED.webp	C	229dc9b7e23f9e45	97228
C-Co_COMBINED_PREDICTED.webp	C	583ec472084c3f9b	110958
C-Cr_COMBINED_FITTED.webp	C	0476c2c56b1e248e	62518
C-Cr_COMBINED_PREDICTED.webp	C	644f99b27f7016db	119368
C-Cu_COMBINED_FITTED.webp	C	2fe8729901b42daf	41380
C-Cu_COMBINED_PREDICTED.webp	C	67f832c433cc34f6	95946
C-Dy_COMBINED_FITTED.webp	C	3b4b066f5c7960ae	48634
C-Dy_COMBINED_PREDICTED.webp	C	ea368cdf2338ca89	105426
C-Er_COMBINED_FITTED.webp	C	c37f3ea0f8f09ed3	48236
C-Er_COMBINED_PREDICTED.webp	C	fac721d62f03dbd2	105098
C-Eu_COMBINED_FITTED.webp	C	c44e957d4290aedc	47168
C-Eu_COMBINED_PREDICTED.webp	C	3a3a94cb5d338e18	101144
C-Fe_COMBINED_FITTED.webp	C	8c0b681f36cf11c6	100800
C-Fe_COMBINED_PREDICTED.webp	C	9264f87386912005	118200
C-Ga_COMBINED_FITTED.webp	C	5b7574e1b0a2a96d	41404
C-Ga_COMBINED_PREDICTED.webp	C	c7e998c82ed2d490	94822
C-Gd_COMBINED_FITTED.webp	C	a4c257370e6bf70d	48054
C-Gd_COMBINED_PREDICTED.webp	C	f4d7d692d0c2dab8	104812
C-Ge_COMBINED_FITTED.webp	C	1c199078e5b881ee	51134
C-Ge_COMBINED_PREDICTED.webp	C	2b2a2eb74f179b2c	106794
C-Hf_COMBINED_FITTED.webp	C	37a42fc463097f20	105934
C-Hf_COMBINED_PREDICTED.webp	C	034225d92002243b	124326
C-Hg_COMBINED_FITTED.webp	C	255892c66091cc10	41632
C-Hg_COMBINED_PREDICTED.webp	C	3240a14246f35e1d	95328
C-Ho_COMBINED_FITTED.webp	C	e0b84b8083998ac5	49064
C-Ho_COMBINED_PREDICTED.webp	C	b3dad21500969fd0	106190
C-In_COMBINED_FITTED.webp	C	e7355ee54c232f1d	41314
C-In_COMBINED_PREDICTED.webp	C	8e88829ef65f6f30	95868
C-Ir_COMBINED_FITTED.webp	C	36b4bca6afed3fd9	51100
C-Ir_COMBINED_PREDICTED.webp	C	b344f3d20dcaf81e	106710
C-La_COMBINED_FITTED.webp	C	2bf995a87e24ada5	103564
C-La_COMBINED_PREDICTED.webp	C	727e7b3691b202cb	125910
C-Li_COMBINED_FITTED.webp	C	1fb6b788a195fa4a	57104
C-Li_COMBINED_PREDICTED.webp	C	a4c60e1db00f322e	113522
C-Lu_COMBINED_FITTED.webp	C	95ff6e45bf27f930	48536
C-Lu_COMBINED_PREDICTED.webp	C	430e707cc694b9cb	104750
C-Mg_COMBINED_FITTED.webp	C	b9c393a3d5f2173b	53216
C-Mg_COMBINED_PREDICTED.webp	C	85ba4ec507086372	110880
C-Mn_COMBINED_FITTED.webp	C	2b1963c00ad5ef31	66204
C-Mn_COMBINED_PREDICTED.webp	C	947900a7b4127d8f	125358
C-Mo_COMBINED_FITTED.webp	C	491a84b3582a0391	103524
C-Mo_COMBINED_PREDICTED.webp	C	eb8814e19b32d1ab	121592
C-Na_COMBINED_FITTED.webp	C	548a6c8bab99af1f	41584
C-Na_COMBINED_PREDICTED.webp	C	1f2fd7f9293b50bf	96650
C-Nb_COMBINED_FITTED.webp	C	51332b63ab28b04a	107466
C-Nb_COMBINED_PREDICTED.webp	C	180669e06d477504	124600
C-Nd_COMBINED_FITTED.webp	C	6f9f1e75b4d69004	48196
C-Nd_COMBINED_PREDICTED.webp	C	fd6cbc057bd74506	103310
C-Ni_COMBINED_FITTED.webp	C	10d20b4b6b25c68b	52946
C-Ni_COMBINED_PREDICTED.webp	C	152b332e7ea51577	112170
C-Os_COMBINED_FITTED.webp	C	6cb11441d8a96001	93266
C-Os_COMBINED_PREDICTED.webp	C	ff72479d51925c46	150170
C-Pb_COMBINED_FITTED.webp	C	e8ea4f72ebae910b	41418
C-Pb_COMBINED_PREDICTED.webp	C	8f98bcdcf9c31ae6	95412
C-Pr_COMBINED_FITTED.webp	C	59790be3a136de0b	101536
C-Pr_COMBINED_PREDICTED.webp	C	11d1ff672817ad68	124134
C-Rb_COMBINED_FITTED.webp	C	340bc11abcadff97	47334
C-Rb_COMBINED_PREDICTED.webp	C	b641c38b8dc4e4f2	102412
C-Re_COMBINED_FITTED.webp	C	8b827e1fc9018a2c	57162
C-Re_COMBINED_PREDICTED.webp	C	92cda9972c570d9c	110980
C-Rh_COMBINED_FITTED.webp	C	743988130027e86c	85784
C-Rh_COMBINED_PREDICTED.webp	C	d230b010832105e0	144140
C-Ru_COMBINED_FITTED.webp	C	c5a1d13ece5ca812	87140
C-Ru_COMBINED_PREDICTED.webp	C	7e9b638d412566e2	144750
C-Sc_COMBINED_FITTED.webp	C	46cfa1bb14dacc18	82792
C-Sc_COMBINED_PREDICTED.webp	C	ae83cf90397733f1	142658
C-Si_COMBINED_FITTED.webp	C	19f240c70d34367a	99602
C-Si_COMBINED_PREDICTED.webp	C	f0f25e6cd359d73a	114820
C-Sm_COMBINED_FITTED.webp	C	841f8f88c06028b9	49344
C-Sm_COMBINED_PREDICTED.webp	C	bc0c0b8a1f421a55	104554
C-Sn_COMBINED_FITTED.webp	C	a561513e7c8c0a91	41640
C-Sn_COMBINED_PREDICTED.webp	C	344655a3128529ce	95022
C-Sr_COMBINED_FITTED.webp	C	8db2bfb1645711b3	46978
C-Sr_COMBINED_PREDICTED.webp	C	b0df38c9ff0502f2	100934
C-Ta_COMBINED_FITTED.webp	C	987b86b482031e46	104596
C-Ta_COMBINED_PREDICTED.webp	C	a6173f04dd064684	125846
C-Tb_COMBINED_FITTED.webp	C	a35bca8348532af8	48200
C-Tb_COMBINED_PREDICTED.webp	C	61b40158384e5041	104914
C-Th_COMBINED_FITTED.webp	C	af9e9f2ffb08295c	71856
C-Th_COMBINED_PREDICTED.webp	C	2326e9bf5c3b1880	131536
C-Ti_COMBINED_FITTED.webp	C	13037aa0218e22d6	105228
C-Ti_COMBINED_PREDICTED.webp	C	eb704c74d811b1e1	122566
C-Tl_COMBINED_FITTED.webp	C	998c79ee08df89d2	41096
C-Tl_COMBINED_PREDICTED.webp	C	41bacdca644b5f61	97400
C-Tm_COMBINED_FITTED.webp	C	3094ab7a7ce75934	48622
C-Tm_COMBINED_PREDICTED.webp	C	a47084ffe12f01ed	104584
C-V_COMBINED_FITTED.webp	C	515e2ee05ef1ba14	103112
C-V_COMBINED_PREDICTED.webp	C	a76ac65d449d1363	123028
C-W_COMBINED_FITTED.webp	C	6ec6261946099224	104216
C-W_COMBINED_PREDICTED.webp	C	5b533c7269da78a0	120084
C-Y_COMBINED_FITTED.webp	C	88ad74166752316e	71776
C-Y_COMBINED_PREDICTED.webp	C	0b61a037b2140d38	130546
C-Yb_COMBINED_FITTED.webp	C	0d3edb622b2e50be	61568
C-Yb_COMBINED_PREDICTED.webp	C	9cd5c3a8e8a42904	116814
C-Zn_COMBINED_FITTED.webp	C	13efdd2a34d72aac	41430
C-Zn_COMBINED_PREDICTED.webp	C	895c6da6cf4eb8ef	94858
C-Zr_COMBINED_FITTED.webp	C	25b9ceb6388db171	104222
C-Zr_COMBINED_PREDICTED.webp	C	5b9c39e539da13ee	122576
Ca-Cd_COMBINED_FITTED.webp	Ca	7c690172b4676b4f	109116
Ca-Cd_COMBINED_PREDICTED.webp	Ca	f3bf458bcac633d0	132160
Ca-Ce_COMBINED_FITTED.webp	Ca	db970c0858033813	49420
Ca-Ce_COMBINED_PREDICTED.webp	Ca	4156ce1a64f19455	105496
Ca-Co_COMBINED_FITTED.webp	Ca	04bafda307c1559f	110410
Ca-Co_COMBINED_PREDICTED.webp	Ca	f40128377edefe9b	169214
Ca-Cr_COMBINED_FITTED.webp	Ca	c762cd0788c8018b	40716
Ca-Cr_COMBINED_PREDICTED.webp	Ca	4ee142874f2d393c	96482
Ca-Cu_COMBINED_FITTED.webp	Ca	6ed6d0046ff8d444	105142
Ca-Cu_COMBINED_PREDICTED.webp	Ca	757440d01a8e0471	125226
Ca-Dy_COMBINED_FITTED.webp	Ca	57ed3fee336fb318	41060
Ca-Dy_COMBINED_PREDICTED.webp	Ca	33a555d9d98ca98c	94354
Ca-Er_COMBINED_FITTED.webp	Ca	539831e3424baf45	40856
Ca-Er_COMBINED_PREDICTED.webp	Ca	9dfe5ebdc24aa78d	95002
Ca-Eu_COMBINED_FITTED.webp	Ca	c1d0c02b64a25a86	58662
Ca-Eu_COMBINED_PREDICTED.webp	Ca	9517d73ede36c9ad	120172
Ca-Fe_COMBINED_FITTED.webp	Ca	2ef75a130aaee03d	116978
Ca-Fe_COMBINED_PREDICTED.webp	Ca	e358ed25632c314e	177884
Ca-Ga_COMBINED_FITTED.webp	Ca	02f198d18a6adfdd	115568
Ca-Ga_COMBINED_PREDICTED.webp	Ca	a64986388ff57961	132142
Ca-Gd_COMBINED_FITTED.webp	Ca	f3d0151094aa4b2c	40890
Ca-Gd_COMBINED_PREDICTED.webp	Ca	936ed427699db27b	94136
Ca-Ge_COMBINED_FITTED.webp	Ca	05e94d50a665995e	110090
Ca-Ge_COMBINED_PREDICTED.webp	Ca	3fb12c7546ebba14	129882
Ca-Hf_COMBINED_FITTED.webp	Ca	995b1792aa556cc6	40616
Ca-Hf_COMBINED_PREDICTED.webp	Ca	9c5642f7a0a894df	94936
Ca-Hg_COMBINED_FITTED.webp	Ca	18c319aab7c4c856	121280
Ca-Hg_COMBINED_PREDICTED.webp	Ca	5ba720cd1b2f36ea	133678
Ca-Ho_COMBINED_FITTED.webp	Ca	b5e6c89f1c735c8b	41074
Ca-Ho_COMBINED_PREDICTED.webp	Ca	d17a4d37c49a1352	96412
Ca-In_COMBINED_FITTED.webp	Ca	91041e0e57437aaa	109552
Ca-In_COMBINED_PREDICTED.webp	Ca	482a757b9dec815f	127788
Ca-Ir_COMBINED_FITTED.webp	Ca	68f07178adcf64c9	48058
Ca-Ir_COMBINED_PREDICTED.webp	Ca	d13d6445661693e2	105108
Ca-La_COMBINED_FITTED.webp	Ca	971da26f6d07c50f	97112
Ca-La_COMBINED_PREDICTED.webp	Ca	e0297094d5283502	116938
Ca-Li_COMBINED_FITTED.webp	Ca	b2d42e5643380269	96794
Ca-Li_COMBINED_PREDICTED.webp	Ca	9765dd0b32fdb22b	116780
Ca-Lu_COMBINED_FITTED.webp	Ca	2d33b00645f38442	50168
Ca-Lu_COMBINED_PREDICTED.webp	Ca	9f05f5f6fde29a20	107780
Ca-Mg_COMBINED_FITTED.webp	Ca	60f13928dc2aff34	106058
Ca-Mg_COMBINED_PREDICTED.webp	Ca	dad9b7a547b55875	127868
Ca-Mn_COMBINED_FITTED.webp	Ca	532852b251c98cef	50504
Ca-Mn_COMBINED_PREDICTED.webp	Ca	11fdfdfdcf1207a3	108774
Ca-Mo_COMBINED_FITTED.webp	Ca	c3a614bf26d63bb5	53864
Ca-Mo_COMBINED_PREDICTED.webp	Ca	e350379f22df44fc	110508
Ca-Na_COMBINED_FITTED.webp	Ca	462bc13a7afa90fe	93800
Ca-Na_COMBINED_PREDICTED.webp	Ca	29de442ee722250d	112932
Ca-Nb_COMBINED_FITTED.webp	Ca	9e410eadf14f9be9	40932
Ca-Nb_COMBINED_PREDICTED.webp	Ca	825f0c00ee6b1ff0	95358
Ca-Nd_COMBINED_FITTED.webp	Ca	c423cf9b1d0472cd	95260
Ca-Nd_COMBINED_PREDICTED.webp	Ca	51004dd6bff370a7	115934
Ca-Ni_COMBINED_FITTED.webp	Ca	81803c10fbfd13ce	107730
Ca-Ni_COMBINED_PREDICTED.webp	Ca	9a67273c2d873a4d	124010
Ca-Os_COMBINED_FITTED.webp	Ca	5d3b21a94a98e981	40592
Ca-Os_COMBINED_PREDICTED.webp	Ca	82a2acdfb5e0438c	96384
Ca-Pb_COMBINED_FITTED.webp	Ca	f0fae11280b0718a	107684
Ca-Pb_COMBINED_PREDICTED.webp	Ca	936b6b0d495260fc	129428
Ca-Pr_COMBINED_FITTED.webp	Ca	b68a4675efead9da	41132
Ca-Pr_COMBINED_PREDICTED.webp	Ca	1650182be291622d	96890
Ca-Rb_COMBINED_FITTED.webp	Ca	69683b1d63a467d0	41834
Ca-Rb_COMBINED_PREDICTED.webp	Ca	8400a4e1e7cdd88a	97850
Ca-Re_COMBINED_FITTED.webp	Ca	6743a86ff4832bad	40644
Ca-Re_COMBINED_PREDICTED.webp	Ca	6816545ec2c1095b	95978
Ca-Rh_COMBINED_FITTED.webp	Ca	5379df1f309cb122	48494
Ca-Rh_COMBINED_PREDICTED.webp	Ca	fcdd6b68f2b1b336	106118
Ca-Ru_COMBINED_FITTED.webp	Ca	7d1c72b8351d37f0	40734
Ca-Ru_COMBINED_PREDICTED.webp	Ca	61fd508e17699e10	95720
Ca-Sc_COMBINED_FITTED.webp	Ca	e4a9ae4a9a795234	52216
Ca-Sc_COMBINED_PREDICTED.webp	Ca	9f82d9b1b47835a1	111112
Ca-Si_COMBINED_FITTED.webp	Ca	c2ef1374209baf39	110868
Ca-Si_COMBINED_PREDICTED.webp	Ca	3a51a6914f37339f	127864
Ca-Sm_COMBINED_FITTED.webp	Ca	b523923717b67369	41084
Ca-Sm_COMBINED_PREDICTED.webp	Ca	25b25a8ca9f847d2	96246
Ca-Sn_COMBINED_FITTED.webp	Ca	9387c4b806b290c8	113602
Ca-Sn_COMBINED_PREDICTED.webp	Ca	dfdaea4eeb7366ac	131210
Ca-Sr_COMBINED_FITTED.webp	Ca	65d683d0600db705	59366
Ca-Sr_COMBINED_PREDICTED.webp	Ca	293b653ae802fcb4	115076
Ca-Ta_COMBINED_FITTED.webp	Ca	64a6f8cef2864fea	40664
Ca-Ta_COMBINED_PREDICTED.webp	Ca	d620d7f82440586a	96102
Ca-Tb_COMBINED_FITTED.webp	Ca	0bde769c548a419e	51046
Ca-Tb_COMBINED_PREDICTED.webp	Ca	c980c189f40c06f8	108698
Ca-Th_COMBINED_FITTED.webp	Ca	09d4b9cb6c83844d	40650
Ca-Th_COMBINED_PREDICTED.webp	Ca	6b6da7164fa0be31	96906
Ca-Ti_COMBINED_FITTED.webp	Ca	b9e002b360bb4574	49928
Ca-Ti_COMBINED_PREDICTED.webp	Ca	01c66875addc34c3	105970
Ca-Tl_COMBINED_FITTED.webp	Ca	50b9d363b49af64a	110752
Ca-Tl_COMBINED_PREDICTED.webp	Ca	f2d2b59ab2ec08f2	129976
Ca-Tm_COMBINED_FITTED.webp	Ca	4a1d4e84976d92cf	52710
Ca-Tm_COMBINED_PREDICTED.webp	Ca	105462ef624fc19f	109512
Ca-V_COMBINED_FITTED.webp	Ca	f0effde094f49420	51566
Ca-V_COMBINED_PREDICTED.webp	Ca	ec2a3cc69bc7e4c1	107094
Ca-W_COMBINED_FITTED.webp	Ca	559a9f5dea2b5f06	40774
Ca-W_COMBINED_PREDICTED.webp	Ca	76053cc2ced0c4d2	97830
Ca-Y_COMBINED_FITTED.webp	Ca	19f3c4ef8c4a1799	94858
Ca-Y_COMBINED_PREDICTED.webp	Ca	e979ea8d8bd4341a	113762
Ca-Yb_COMBINED_FITTED.webp	Ca	0c74e017ab7adc3d	57046
Ca-Yb_COMBINED_PREDICTED.webp	Ca	ece66e6614b83e6e	115306
Ca-Zn_COMBINED_FITTED.webp	Ca	cdbb87ebaeea2fcb	119028
Ca-Zn_COMBINED_PREDICTED.webp	Ca	2f25e2ab3e88aea4	134642
Ca-Zr_COMBINED_FITTED.webp	Ca	768396ab26007ee4	40872
Ca-Zr_COMBINED_PREDICTED.webp	Ca	5a1b702a5d6ef74c	94762
Cd-Ce_COMBINED_FITTED.webp	Cd	d5e019e5482724b2	69044
Cd-Ce_COMBINED_PREDICTED.webp	Cd	50a60ad8c38c9cac	132858
Cd-Co_COMBINED_FITTED.webp	Cd	1ea240c687b1f264	114530
Cd-Co_COMBINED_PREDICTED.webp	Cd	99420fc805f87a2c	174838
Cd-Cr_COMBINED_FITTED.webp	Cd	2f2b4cfc71f474fb	93818
Cd-Cr_COMBINED_PREDICTED.webp	Cd	071f7639794814a8	110564
Cd-Cu_COMBINED_FITTED.webp	Cd	3a986ae0e1c449e6	57932
Cd-Cu_COMBINED_PREDICTED.webp	Cd	0725dbf7a34a0bdb	116102
Cd-Dy_COMBINED_FITTED.webp	Cd	5689e24b46207cf2	49640
Cd-Dy_COMBINED_PREDICTED.webp	Cd	f8adcb934c8a9775	108954
Cd-Er_COMBINED_FITTED.webp	Cd	e20a0ae5c1e72fb0	49376
Cd-Er_COMBINED_PREDICTED.webp	Cd	db2c8e31d42dc097	108010
Cd-Eu_COMBINED_FITTED.webp	Cd	edfaf96c71c99add	115250
Cd-Eu_COMBINED_PREDICTED.webp	Cd	95c42763fed71e34	133030
Cd-Fe_COMBINED_FITTED.webp	Cd	514a55c4550814a0	52026
Cd-Fe_COMBINED_PREDICTED.webp	Cd	4263b7088426dfc6	112240
Cd-Ga_COMBINED_FITTED.webp	Cd	e7bd6dca1b44e84a	96370
Cd-Ga_COMBINED_PREDICTED.webp	Cd	4e6886ac78a6708b	110478
Cd-Gd_COMBINED_FITTED.webp	Cd	ff9bc5548352230c	115752
Cd-Gd_COMBINED_PREDICTED.webp	Cd	3386d313fb77ca03	132064
Cd-Ge_COMBINED_FITTED.webp	Cd	dcd54c1ef8f928b8	83658
Cd-Ge_COMBINED_PREDICTED.webp	Cd	9e43e36cc50496f8	107386
Cd-Hf_COMBINED_FITTED.webp	Cd	2578ec1122e291fe	47284
Cd-Hf_COMBINED_PREDICTED.webp	Cd	f4b7de038ffa9872	102648
Cd-Hg_COMBINED_FITTED.webp	Cd	e0953cf8a6d30926	61202
Cd-Hg_COMBINED_PREDICTED.webp	Cd	14e0f2f5ed59c68d	118538
Cd-Ho_COMBINED_FITTED.webp	Cd	2c030fbd4001f4b8	49572
Cd-Ho_COMBINED_PREDICTED.webp	Cd	0a069b157a7f6b2e	109692
Cd-In_COMBINED_FITTED.webp	Cd	82464adbaf5fd08a	92510
Cd-In_COMBINED_PREDICTED.webp	Cd	24554762d36b32eb	113346
Cd-Ir_COMBINED_FITTED.webp	Cd	4cec1cba261dae50	48788
Cd-Ir_COMBINED_PREDICTED.webp	Cd	6c9f803d698dfb5c	102362
Cd-La_COMBINED_FITTED.webp	Cd	3fb5854990294f77	113796
Cd-La_COMBINED_PREDICTED.webp	Cd	298c07364b0a4359	136336
Cd-Li_COMBINED_FITTED.webp	Cd	7cc2347b634871dd	72136
Cd-Li_COMBINED_PREDICTED.webp	Cd	229796878eb56a94	133146
Cd-Lu_COMBINED_FITTED.webp	Cd	a9f3dcc482502e51	48266
Cd-Lu_COMBINED_PREDICTED.webp	Cd	99108c03ab4c31a5	107830
Cd-Mg_COMBINED_FITTED.webp	Cd	32e594220858df5d	74034
Cd-Mg_COMBINED_PREDICTED.webp	Cd	405b4b9ff85ab14b	132606
Cd-Mn_COMBINED_FITTED.webp	Cd	6ba40dee643984f0	113560
Cd-Mn_COMBINED_PREDICTED.webp	Cd	4f036019fdc9f4ef	176410
Cd-Mo_COMBINED_FITTED.webp	Cd	fe665cf1a4fed6c6	52848
Cd-Mo_COMBINED_PREDICTED.webp	Cd	45798b2d808d06cc	107092
Cd-Na_COMBINED_FITTED.webp	Cd	590f1c99050b1389	100172
Cd-Na_COMBINED_PREDICTED.webp	Cd	336a129617b802f3	124108
Cd-Nb_COMBINED_FITTED.webp	Cd	e703cffb0596f490	40960
Cd-Nb_COMBINED_PREDICTED.webp	Cd	82fc235f35cc22f5	95538
Cd-Nd_COMBINED_FITTED.webp	Cd	133cfba98091fa8c	89706
Cd-Nd_COMBINED_PREDICTED.webp	Cd	c3c6318519f682ca	153532
Cd-Ni_COMBINED_FITTED.webp	Cd	6bbeca0a302f829f	99944
Cd-Ni_COMBINED_PREDICTED.webp	Cd	c097c4fc1c2aeb11	121086
Cd-Os_COMBINED_FITTED.webp	Cd	69694bf9f4c4d7f9	42216
Cd-Os_COMBINED_PREDICTED.webp	Cd	54fa5aaf70c005ea	96448
Cd-Pb_COMBINED_FITTED.webp	Cd	1252bbcdc1334783	93478
Cd-Pb_COMBINED_PREDICTED.webp	Cd	ac1c7287f6a7f657	111106
Cd-Pr_COMBINED_FITTED.webp	Cd	3fd560fd2d74b3bc	90354
Cd-Pr_COMBINED_PREDICTED.webp	Cd	b7759acf9191aa19	152790
Cd-Rb_COMBINED_FITTED.webp	Cd	72c75eebcbb878a7	59804
Cd-Rb_COMBINED_PREDICTED.webp	Cd	895165c78889959c	119930
Cd-Re_COMBINED_FITTED.webp	Cd	162515c5d1a1fee8	41430
Cd-Re_COMBINED_PREDICTED.webp	Cd	d2c98d2e6921b38f	96060
Cd-Rh_COMBINED_FITTED.webp	Cd	ab37724c0f97ce56	41344
Cd-Rh_COMBINED_PREDICTED.webp	Cd	d1dc16a3c685744d	94586
Cd-Ru_COMBINED_FITTED.webp	Cd	953a0e2ebca629b9	41636
Cd-Ru_COMBINED_PREDICTED.webp	Cd	191698dc406e4555	95582
Cd-Sc_COMBINED_FITTED.webp	Cd	9c3d00c76400079a	109640
Cd-Sc_COMBINED_PREDICTED.webp	Cd	181891953ef93848	129510
Cd-Si_COMBINED_FITTED.webp	Cd	8236a6b0bf0a3e37	92426
Cd-Si_COMBINED_PREDICTED.webp	Cd	d6e9d90f05fe6eae	112264
Cd-Sm_COMBINED_FITTED.webp	Cd	26e96a2a3d6f50a8	114416
Cd-Sm_COMBINED_PREDICTED.webp	Cd	8a8d106665d9f152	131470
Cd-Sn_COMBINED_FITTED.webp	Cd	ad838a8b1e48827f	91674
Cd-Sn_COMBINED_PREDICTED.webp	Cd	82a938727658c1b2	112588
Cd-Sr_COMBINED_FITTED.webp	Cd	447f7fdf1d2235d3	115424
Cd-Sr_COMBINED_PREDICTED.webp	Cd	28aed40ede4c9593	130372
Cd-Ta_COMBINED_FITTED.webp	Cd	80d7d4907a1ee002	41148
Cd-Ta_COMBINED_PREDICTED.webp	Cd	adab2e15c8117b17	95722
Cd-Tb_COMBINED_FITTED.webp	Cd	ae0178bf0f003bb1	48890
Cd-Tb_COMBINED_PREDICTED.webp	Cd	b60ee776339b6767	108246
Cd-Th_COMBINED_FITTED.webp	Cd	b5df1ae7e497e939	109372
Cd-Th_COMBINED_PREDICTED.webp	Cd	3ef944fbd3ba1489	126934
Cd-Ti_COMBINED_FITTED.webp	Cd	1a15e6913f2c0dca	98534
Cd-Ti_COMBINED_PREDICTED.webp	Cd	8b2eb62df911f4df	121406
Cd-Tl_COMBINED_FITTED.webp	Cd	51ced079b477421e	94340
Cd-Tl_COMBINED_PREDICTED.webp	Cd	db52785d3cffd4ba	113632
Cd-Tm_COMBINED_FITTED.webp	Cd	359ca3d39200a666	48916
Cd-Tm_COMBINED_PREDICTED.webp	Cd	ce1734731c19d247	106940
Cd-V_COMBINED_FITTED.webp	Cd	a5a2e0ecd9a7f9ac	53038
Cd-V_COMBINED_PREDICTED.webp	Cd	3390edf6713710a7	110202
Cd-W_COMBINED_FITTED.webp	Cd	9c0d1a17e7d4569b	41656
Cd-W_COMBINED_PREDICTED.webp	Cd	d3cdbbc5e0c04bfc	94646
Cd-Y_COMBINED_FITTED.webp	Cd	8763a57873fbc642	66352
Cd-Y_COMBINED_PREDICTED.webp	Cd	cb8d406758fc85b3	127200
Cd-Yb_COMBINED_FITTED.webp	Cd	2bb3787a0e133572	115486
Cd-Yb_COMBINED_PREDICTED.webp	Cd	56fcb129ffd0eb12	134010
Cd-Zn_COMBINED_FITTED.webp	Cd	ce971bc01a671f10	94274
Cd-Zn_COMBINED_PREDICTED.webp	Cd	574b4a2c9b3ec1cf	111258
Cd-Zr_COMBINED_FITTED.webp	Cd	dfada822b1ba6cc3	94166
Cd-Zr_COMBINED_PREDICTED.webp	Cd	58eaf25020827b93	152800
Ce-Co_COMBINED_FITTED.webp	Ce	cb1cdf7603b411ce	111398
Ce-Co_COMBINED_PREDICTED.webp	Ce	5002e6bd54e6b09e	129942
Ce-Cr_COMBINED_FITTED.webp	Ce	a432482aee069baf	92646
Ce-Cr_COMBINED_PREDICTED.webp	Ce	1524d269653c08fc	111000
Ce-Cu_COMBINED_FITTED.webp	Ce	41ed0b6f7db614f6	103898
Ce-Cu_COMBINED_PREDICTED.webp	Ce	bf3f268ed5c4b3b1	124664
Ce-Dy_COMBINED_FITTED.webp	Ce	a7986d2f0a4e4274	42872
Ce-Dy_COMBINED_PREDICTED.webp	Ce	8a1f43e9d1bbe959	97454
Ce-Er_COMBINED_FITTED.webp	Ce	fcc5ceca6793e186	65542
Ce-Er_COMBINED_PREDICTED.webp	Ce	24c339c313f6daea	123234
Ce-Eu_COMBINED_FITTED.webp	Ce	46024ebc444f5cb6	57180
Ce-Eu_COMBINED_PREDICTED.webp	Ce	7d7874c3a7441cdd	115256
Ce-Fe_COMBINED_FITTED.webp	Ce	9a6c1319793b314c	102848
Ce-Fe_COMBINED_PREDICTED.webp	Ce	d6fc3991077e9f71	123572
Ce-Ga_COMBINED_FITTED.webp	Ce	24c687ef1be9b6a7	115028
Ce-Ga_COMBINED_PREDICTED.webp	Ce	a09240c3874b7825	132740
Ce-Gd_COMBINED_FITTED.webp	Ce	1a9e5b6e7b82c872	66118
Ce-Gd_COMBINED_PREDICTED.webp	Ce	5194218a44037124	125566
Ce-Ge_COMBINED_FITTED.webp	Ce	1186d735c0e575cc	113968
Ce-Ge_COMBINED_PREDICTED.webp	Ce	6c4c065c570d0935	131644
Ce-Hf_COMBINED_FITTED.webp	Ce	f3f81ce871fa12d7	96274
Ce-Hf_COMBINED_PREDICTED.webp	Ce	b3703a0c2dab3c7d	117324
Ce-Hg_COMBINED_FITTED.webp	Ce	b9367841af394648	110060
Ce-Hg_COMBINED_PREDICTED.webp	Ce	365dbc63b14217e5	130592
Ce-Ho_COMBINED_FITTED.webp	Ce	5531c224ad52e9fa	65910
Ce-Ho_COMBINED_PREDICTED.webp	Ce	09bbc715e080c164	123410
Ce-In_COMBINED_FITTED.webp	Ce	c2ef0bce839b2355	111716
Ce-In_COMBINED_PREDICTED.webp	Ce	df74d99b087b9c19	130016
Ce-Ir_COMBINED_FITTED.webp	Ce	340918481c12b154	115104
Ce-Ir_COMBINED_PREDICTED.webp	Ce	b2fe2f301d9ad9fe	132000
Ce-La_COMBINED_FITTED.webp	Ce	9723b707e16f3967	58370
Ce-La_COMBINED_PREDICTED.webp	Ce	2dc696d5f817b300	115390
Ce-Li_COMBINED_FITTED.webp	Ce	4df479f5a3b37bf9	55080
Ce-Li_COMBINED_PREDICTED.webp	Ce	0e32e7f9bb4b7515	113478
Ce-Lu_COMBINED_FITTED.webp	Ce	76c1428e6c57db0a	65146
Ce-Lu_COMBINED_PREDICTED.webp	Ce	79849cdf1f5ce13e	124664
Ce-Mg_COMBINED_FITTED.webp	Ce	509e4e9f1fcaa63a	71622
Ce-Mg_COMBINED_PREDICTED.webp	Ce	5617880cf59d7fdd	131522
Ce-Mn_COMBINED_FITTED.webp	Ce	53b3fe6d43d53c20	95716
Ce-Mn_COMBINED_PREDICTED.webp	Ce	b1e4e0be1028b32b	114024
Ce-Mo_COMBINED_FITTED.webp	Ce	9a19927718837f06	92656
Ce-Mo_COMBINED_PREDICTED.webp	Ce	abd9fd0079484cb2	113054
Ce-Na_COMBINED_FITTED.webp	Ce	2892bbe2e8b4bcd5	42508
Ce-Na_COMBINED_PREDICTED.webp	Ce	f7ff69e4b310c864	96714
Ce-Nb_COMBINED_FITTED.webp	Ce	34d582d189058195	52364
Ce-Nb_COMBINED_PREDICTED.webp	Ce	7a83187642406762	109708
Ce-Nd_COMBINED_FITTED.webp	Ce	b91450d5eec3ecfc	57202
Ce-Nd_COMBINED_PREDICTED.webp	Ce	15db33804022b98f	115378
Ce-Ni_COMBINED_FITTED.webp	Ce	373ae175ebeac050	115022
Ce-Ni_COMBINED_PREDICTED.webp	Ce	c0b6be5438d3aa01	131766
Ce-Os_COMBINED_FITTED.webp	Ce	ed05863b787ff516	49258
Ce-Os_COMBINED_PREDICTED.webp	Ce	7e81db21ab86ebb0	105258
Ce-Pb_COMBINED_FITTED.webp	Ce	0fed38f43a4d64d3	112166
Ce-Pb_COMBINED_PREDICTED.webp	Ce	27aae111b8dc9543	128544
Ce-Pr_COMBINED_FITTED.webp	Ce	2de40c0658a3f1bc	57858
Ce-Pr_COMBINED_PREDICTED.webp	Ce	8c878dc5ab553580	116218
Ce-Rb_COMBINED_FITTED.webp	Ce	e1653b0f7075ce13	41388
Ce-Rb_COMBINED_PREDICTED.webp	Ce	c5bc080f82def8d2	97838
Ce-Re_COMBINED_FITTED.webp	Ce	96c860aa010ff711	41366
Ce-Re_COMBINED_PREDICTED.webp	Ce	abe612776f792501	96688
Ce-Rh_COMBINED_FITTED.webp	Ce	e98fe59b5de500b8	113994
Ce-Rh_COMBINED_PREDICTED.webp	Ce	0543c8e0253bae2e	133092
Ce-Ru_COMBINED_FITTED.webp	Ce	55c99a63b25f6c32	110262
Ce-Ru_COMBINED_PREDICTED.webp	Ce	07caffeb3e990b98	129496
Ce-Sc_COMBINED_FITTED.webp	Ce	18d3faa0eec07a72	62050
Ce-Sc_COMBINED_PREDICTED.webp	Ce	8322f50b111abe4b	121176
Ce-Si_COMBINED_FITTED.webp	Ce	fae7ad4c5c3911d5	111240
Ce-Si_COMBINED_PREDICTED.webp	Ce	05473fb54ec6c493	128190
Ce-Sm_COMBINED_FITTED.webp	Ce	b7be2cb160b27121	59934
Ce-Sm_COMBINED_PREDICTED.webp	Ce	fa6b9aa081d65d82	120042
Ce-Sn_COMBINED_FITTED.webp	Ce	280c0176d62e0921	116780
Ce-Sn_COMBINED_PREDICTED.webp	Ce	81e3282f0799973f	133682
Ce-Sr_COMBINED_FITTED.webp	Ce	c9eaf1168115dcb2	42518
Ce-Sr_COMBINED_PREDICTED.webp	Ce	cde39b18149bb600	96760
Ce-Ta_COMBINED_FITTED.webp	Ce	361b6e63f4d5cbe9	50808
Ce-Ta_COMBINED_PREDICTED.webp	Ce	310f9982309884a0	107758
Ce-Tb_COMBINED_FITTED.webp	Ce	d9bae7141b352445	67746
Ce-Tb_COMBINED_PREDICTED.webp	Ce	db8d048045182d6b	125154
Ce-Th_COMBINED_FITTED.webp	Ce	b76c5026011cc35b	60336
Ce-Th_COMBINED_PREDICTED.webp	Ce	c9f9e1ddcff2c06e	122838
Ce-Ti_COMBINED_FITTED.webp	Ce	96818aa334b42153	91702
Ce-Ti_COMBINED_PREDICTED.webp	Ce	a59308d0d74464b6	112468
Ce-Tl_COMBINED_FITTED.webp	Ce	f3f7a5b91c60da56	110436
Ce-Tl_COMBINED_PREDICTED.webp	Ce	415cd93602db03cf	129312
Ce-Tm_COMBINED_FITTED.webp	Ce	7f8cc2c8de2bf65c	66196
Ce-Tm_COMBINED_PREDICTED.webp	Ce	4c934f5c8ee1c294	122942
Ce-V_COMBINED_FITTED.webp	Ce	565cb76dce652cfb	52014
Ce-V_COMBINED_PREDICTED.webp	Ce	33f4203965f5140c	107684
Ce-W_COMBINED_FITTED.webp	Ce	5f4c3d820cd44c85	51506
Ce-W_COMBINED_PREDICTED.webp	Ce	3020600172be365a	106240
Ce-Y_COMBINED_FITTED.webp	Ce	78b354d932ea3a5b	67900
Ce-Y_COMBINED_PREDICTED.webp	Ce	e6cc3dd1adbe9076	125382
Ce-Yb_COMBINED_FITTED.webp	Ce	9c7e5cfc24918c89	41620
Ce-Yb_COMBINED_PREDICTED.webp	Ce	dde5f5bd39500fe4	96412
Ce-Zn_COMBINED_FITTED.webp	Ce	f5540cfdc29ad3af	113276
Ce-Zn_COMBINED_PREDICTED.webp	Ce	cc1f97b365d66606	135392
Ce-Zr_COMBINED_FITTED.webp	Ce	ae61881f2f4301da	55910
Ce-Zr_COMBINED_PREDICTED.webp	Ce	4bfc59992aac3b46	113630
Co-Cr_COMBINED_FITTED.webp	Co	b4bc6966eb241154	63508
Co-Cr_COMBINED_PREDICTED.webp	Co	6feb1e365a10f23d	122704
Co-Cu_COMBINED_FITTED.webp	Co	84de27f482630a00	91198
Co-Cu_COMBINED_PREDICTED.webp	Co	a7c945c194a5ec6e	112334
Co-Dy_COMBINED_FITTED.webp	Co	7303ab8237522557	109858
Co-Dy_COMBINED_PREDICTED.webp	Co	799718e054c2378e	130860
Co-Er_COMBINED_FITTED.webp	Co	3412dd93b3fa65ae	112908
Co-Er_COMBINED_PREDICTED.webp	Co	e2b8bfea96330195	128460
Co-Eu_COMBINED_FITTED.webp	Co	c3e65000b0604aca	41336
Co-Eu_COMBINED_PREDICTED.webp	Co	de3ad2bd1219e7b9	94886
Co-Fe_COMBINED_FITTED.webp	Co	e7d32d23d4bd7555	63786
Co-Fe_COMBINED_PREDICTED.webp	Co	333eb56f68aaf217	123808
Co-Ga_COMBINED_FITTED.webp	Co	fae61cc09b995bf1	66422
Co-Ga_COMBINED_PREDICTED.webp	Co	5bfb7fb4e96eb1ba	125252
Co-Gd_COMBINED_FITTED.webp	Co	46ee313417ff48f6	111820
Co-Gd_COMBINED_PREDICTED.webp	Co	ffd2b1cb14218d74	129366
Co-Ge_COMBINED_FITTED.webp	Co	aac75d6fdf6593af	114944
Co-Ge_COMBINED_PREDICTED.webp	Co	8097ea13e9ad4a70	130092
Co-Hf_COMBINED_FITTED.webp	Co	fbc4a5af294936d7	116056
Co-Hf_COMBINED_PREDICTED.webp	Co	71227181eb59adba	132384
Co-Hg_COMBINED_FITTED.webp	Co	5cd06c7faa9f5c6f	51680
Co-Hg_COMBINED_PREDICTED.webp	Co	6d017d6119bdea2e	108632
Co-Ho_COMBINED_FITTED.webp	Co	09434acf524d01cd	113248
Co-Ho_COMBINED_PREDICTED.webp	Co	7fb542e3a513e04f	131672
Co-In_COMBINED_FITTED.webp	Co	b4bca38fd67d8e7b	97406
Co-In_COMBINED_PREDICTED.webp	Co	de9284595baae744	119968
Co-Ir_COMBINED_FITTED.webp	Co	8cdb7a177905a24f	56530
Co-Ir_COMBINED_PREDICTED.webp	Co	d2a45a27cb3ac39d	117294
Co-La_COMBINED_FITTED.webp	Co	346d740ec23cffbf	110680
Co-La_COMBINED_PREDICTED.webp	Co	2b4abe4b7a9563b9	127250
Co-Li_COMBINED_FITTED.webp	Co	460039dc7cf3c2d7	93200
Co-Li_COMBINED_PREDICTED.webp	Co	ef44c538586c1407	150408
Co-Lu_COMBINED_FITTED.webp	Co	d0bbbe097d6a4533	110224
Co-Lu_COMBINED_PREDICTED.webp	Co	abcfc0cd1f1d22e0	130778
Co-Mg_COMBINED_FITTED.webp	Co	6c1b058920af4d39	98182
Co-Mg_COMBINED_PREDICTED.webp	Co	1bf78c81d61ea35a	120828
Co-Mn_COMBINED_FITTED.webp	Co	833078c9df5ad42e	68464
Co-Mn_COMBINED_PREDICTED.webp	Co	bf50335e3bddb8ce	128234
Co-Mo_COMBINED_FITTED.webp	Co	0562f4ef6cd9e2c2	100612
Co-Mo_COMBINED_PREDICTED.webp	Co	7d236380aca19f09	124256
Co-Na_COMBINED_FITTED.webp	Co	3203fef91c11d112	111554
Co-Na_COMBINED_PREDICTED.webp	Co	7089e1f49d7c5f06	171168
Co-Nb_COMBINED_FITTED.webp	Co	612f920ebd59cf04	107044
Co-Nb_COMBINED_PREDICTED.webp	Co	21e48adcd3c7349a	126562
Co-Nd_COMBINED_FITTED.webp	Co	84b1016ba579343a	112418
Co-Nd_COMBINED_PREDICTED.webp	Co	0d79c36a6386e19f	131170
Co-Ni_COMBINED_FITTED.webp	Co	98ad6620711631a0	58298
Co-Ni_COMBINED_PREDICTED.webp	Co	1c5c2fd361977af2	116492
Co-Os_COMBINED_FITTED.webp	Co	ccd8279e31e899e6	55882
Co-Os_COMBINED_PREDICTED.webp	Co	4b559c874d48187c	116114
Co-Pb_COMBINED_FITTED.webp	Co	513dc9cc4f79dbf0	50686
Co-Pb_COMBINED_PREDICTED.webp	Co	efc6d35f7afb4b24	107018
Co-Pr_COMBINED_FITTED.webp	Co	65f16cd2dcf56096	108512
Co-Pr_COMBINED_PREDICTED.webp	Co	c7c48d2ea74f6b0e	126248
Co-Rb_COMBINED_FITTED.webp	Co	152fe1760d9dbd17	41936
Co-Rb_COMBINED_PREDICTED.webp	Co	135a2fcb83123d5d	98666
Co-Re_COMBINED_FITTED.webp	Co	80c3d517c788db33	62262
Co-Re_COMBINED_PREDICTED.webp	Co	9e7c0ab787e5e806	122772
Co-Rh_COMBINED_FITTED.webp	Co	2b87c6f6e2bb3706	57594
Co-Rh_COMBINED_PREDICTED.webp	Co	9f969875dee93a84	114180
Co-Ru_COMBINED_FITTED.webp	Co	70ee53089c4b0192	55774
Co-Ru_COMBINED_PREDICTED.webp	Co	b9c2ee533310c5dd	115426
Co-Sc_COMBINED_FITTED.webp	Co	7774bcc040017fc8	109688
Co-Sc_COMBINED_PREDICTED.webp	Co	5dfedab120ff6ce3	133152
Co-Si_COMBINED_FITTED.webp	Co	867780e329d3987e	112024
Co-Si_COMBINED_PREDICTED.webp	Co	292c82e06d5f298d	131850
Co-Sm_COMBINED_FITTED.webp	Co	05594746188d5481	116852
Co-Sm_COMBINED_PREDICTED.webp	Co	86114e59ca996176	135626
Co-Sn_COMBINED_FITTED.webp	Co	7383b6e68b384d76	101252
Co-Sn_COMBINED_PREDICTED.webp	Co	4816a5c744a389c8	122238
Co-Sr_COMBINED_FITTED.webp	Co	9011080e12fa87d3	41270
Co-Sr_COMBINED_PREDICTED.webp	Co	893fa2306cfc4166	95712
Co-Ta_COMBINED_FITTED.webp	Co	d0ea687344dc87ff	111734
Co-Ta_COMBINED_PREDICTED.webp	Co	e1457357a41ecb88	128312
Co-Tb_COMBINED_FITTED.webp	Co	34cb56fb8cbeb500	108670
Co-Tb_COMBINED_PREDICTED.webp	Co	c2af09d287af2203	129182
Co-Th_COMBINED_FITTED.webp	Co	a50b6aad084b3d6b	113164
Co-Th_COMBINED_PREDICTED.webp	Co	48ec3ea74ab56909	132202
Co-Ti_COMBINED_FITTED.webp	Co	a08bc925776568d7	118928
Co-Ti_COMBINED_PREDICTED.webp	Co	4b44a525c32dd3a4	133762
Co-Tl_COMBINED_FITTED.webp	Co	c85e2a8b33dba394	41134
Co-Tl_COMBINED_PREDICTED.webp	Co	69cd89cb8c3e2253	98988
Co-Tm_COMBINED_FITTED.webp	Co	906c4fe5ddb7db87	49080
Co-Tm_COMBINED_PREDICTED.webp	Co	b6c54fb19ca66d30	106378
Co-V_COMBINED_FITTED.webp	Co	89d5b315aeb0293f	71398
Co-V_COMBINED_PREDICTED.webp	Co	3b87c5522e3d15cb	130654
Co-W_COMBINED_FITTED.webp	Co	6ae0ad295edcb1d6	63714
Co-W_COMBINED_PREDICTED.webp	Co	8d2870d248611f2a	122964
Co-Y_COMBINED_FITTED.webp	Co	efbd021bec182d3e	113716
Co-Y_COMBINED_PREDICTED.webp	Co	e407db5eb1775799	131052
Co-Yb_COMBINED_FITTED.webp	Co	9ecad5970bb3d294	66824
Co-Yb_COMBINED_PREDICTED.webp	Co	9ec5d90357c479de	124444
Co-Zn_COMBINED_FITTED.webp	Co	e615d848e81c7ee2	106728
Co-Zn_COMBINED_PREDICTED.webp	Co	20e3395213d0715b	129648
Co-Zr_COMBINED_FITTED.webp	Co	1d2e68f85e0efb6c	111624
Co-Zr_COMBINED_PREDICTED.webp	Co	5364a4f448660bb9	133368
Cr-Cu_COMBINED_FITTED.webp	Cr	f2121a6a0beac577	90754
Cr-Cu_COMBINED_PREDICTED.webp	Cr	cfd22932b248e97b	110372
Cr-Dy_COMBINED_FITTED.webp	Cr	ccd430031f7493f6	87412
Cr-Dy_COMBINED_PREDICTED.webp	Cr	49e8d26d47387e58	107892
Cr-Er_COMBINED_FITTED.webp	Cr	05ed7e02436ffedb	83918
Cr-Er_COMBINED_PREDICTED.webp	Cr	6fd4c5010a6e392b	106702
Cr-Eu_COMBINED_FITTED.webp	Cr	798a6b16115ee604	90916
Cr-Eu_COMBINED_PREDICTED.webp	Cr	f3ef05dc20407c58	108250
Cr-Fe_COMBINED_FITTED.webp	Cr	60b8e809321d4966	59694
Cr-Fe_COMBINED_PREDICTED.webp	Cr	cf9fec76a425aa00	119932
Cr-Ga_COMBINED_FITTED.webp	Cr	71e8ab944f0a35ca	64180
Cr-Ga_COMBINED_PREDICTED.webp	Cr	7a66a8b6a609a769	122056
Cr-Gd_COMBINED_FITTED.webp	Cr	ffd6332f858896fc	94466
Cr-Gd_COMBINED_PREDICTED.webp	Cr	8cefa4b820b56703	109338
Cr-Ge_COMBINED_FITTED.webp	Cr	87b8489472221b7a	64404
Cr-Ge_COMBINED_PREDICTED.webp	Cr	ecc8df8e74fa2207	122822
Cr-Hf_COMBINED_FITTED.webp	Cr	82bd4c009d255c50	103512
Cr-Hf_COMBINED_PREDICTED.webp	Cr	eef5d443a2f83112	122868
Cr-Hg_COMBINED_FITTED.webp	Cr	97d3b6ba7e190e4e	51230
Cr-Hg_COMBINED_PREDICTED.webp	Cr	7b31b16396a5eecc	103654
Cr-Ho_COMBINED_FITTED.webp	Cr	a573c3b6e24603bd	90714
Cr-Ho_COMBINED_PREDICTED.webp	Cr	9411c050de5511a2	107064
Cr-In_COMBINED_FITTED.webp	Cr	65e23137b8f48e94	41294
Cr-In_COMBINED_PREDICTED.webp	Cr	974eefc12882bb8b	94526
Cr-Ir_COMBINED_FITTED.webp	Cr	3b26eb5b898bc9c8	67558
Cr-Ir_COMBINED_PREDICTED.webp	Cr	e97d29baa2783232	129018
Cr-La_COMBINED_FITTED.webp	Cr	93e8bfd9042600dd	91860
Cr-La_COMBINED_PREDICTED.webp	Cr	32686490d79e2770	113154
Cr-Li_COMBINED_FITTED.webp	Cr	3e9ca22d1cd46053	51706
Cr-Li_COMBINED_PREDICTED.webp	Cr	e12c0ce096866270	104376
Cr-Lu_COMBINED_FITTED.webp	Cr	c886f896da6a6ce7	93534
Cr-Lu_COMBINED_PREDICTED.webp	Cr	e4d7498710508959	111126
Cr-Mg_COMBINED_FITTED.webp	Cr	8f3f74cb55de53b2	51680
Cr-Mg_COMBINED_PREDICTED.webp	Cr	0698c8f05ac2adac	107424
Cr-Mn_COMBINED_FITTED.webp	Cr	0c174dbf19d0ddcc	64002
Cr-Mn_COMBINED_PREDICTED.webp	Cr	02a8eeb590b7c1d4	122274
Cr-Mo_COMBINED_FITTED.webp	Cr	1d9cbd2d9b9d0f55	56050
Cr-Mo_COMBINED_PREDICTED.webp	Cr	488dedf0b49300b4	115472
Cr-Na_COMBINED_FITTED.webp	Cr	1eae9d1f6eba2e4d	52922
Cr-Na_COMBINED_PREDICTED.webp	Cr	316b8195f08b953b	105332
Cr-Nb_COMBINED_FITTED.webp	Cr	fded7b3f9cb3153b	107224
Cr-Nb_COMBINED_PREDICTED.webp	Cr	ba2131754a4bcb53	124348
Cr-Nd_COMBINED_FITTED.webp	Cr	63c668fde0bc9f9a	90280
Cr-Nd_COMBINED_PREDICTED.webp	Cr	8d006a9b56973382	111570
Cr-Ni_COMBINED_FITTED.webp	Cr	4fee3f703516eb99	62384
Cr-Ni_COMBINED_PREDICTED.webp	Cr	41a5a6d88e3fb39c	120662
Cr-Os_COMBINED_FITTED.webp	Cr	aa5b71e0ce65410e	57916
Cr-Os_COMBINED_PREDICTED.webp	Cr	75de7fdcecbf6bf1	119292
Cr-Pb_COMBINED_FITTED.webp	Cr	4bbcae0325962304	90930
Cr-Pb_COMBINED_PREDICTED.webp	Cr	350600f9f9f1ac09	109272
Cr-Pr_COMBINED_FITTED.webp	Cr	bd315fb8b4864b14	93048
Cr-Pr_COMBINED_PREDICTED.webp	Cr	80ef3d1953fdc7de	112030
Cr-Rb_COMBINED_FITTED.webp	Cr	49f3153d26b05c30	50762
Cr-Rb_COMBINED_PREDICTED.webp	Cr	fedb1902bebeeb49	103922
Cr-Re_COMBINED_FITTED.webp	Cr	fad3aeb3f14b1940	61966
Cr-Re_COMBINED_PREDICTED.webp	Cr	c3a6fb6f61cabd88	124562
Cr-Rh_COMBINED_FITTED.webp	Cr	3f9dfa8ed37a4440	67694
Cr-Rh_COMBINED_PREDICTED.webp	Cr	de19fdff98290ec0	127062
Cr-Ru_COMBINED_FITTED.webp	Cr	824461e6b90b005e	59630
Cr-Ru_COMBINED_PREDICTED.webp	Cr	38c180db56c579e9	116550
Cr-Sc_COMBINED_FITTED.webp	Cr	98c053790ca18743	94390
Cr-Sc_COMBINED_PREDICTED.webp	Cr	caf4a0920300b95d	114710
Cr-Si_COMBINED_FITTED.webp	Cr	cfb4db6cb0dcd35e	105982
Cr-Si_COMBINED_PREDICTED.webp	Cr	3c7de7007e51e4e6	124518
Cr-Sm_COMBINED_FITTED.webp	Cr	ad2fce85c9f15a7d	90298
Cr-Sm_COMBINED_PREDICTED.webp	Cr	c433e96a9a0d946c	111764
Cr-Sn_COMBINED_FITTED.webp	Cr	beab91c82fe3f489	92442
Cr-Sn_COMBINED_PREDICTED.webp	Cr	34a465472e2f834c	110012
Cr-Sr_COMBINED_FITTED.webp	Cr	ab99fadb01c579b0	42290
Cr-Sr_COMBINED_PREDICTED.webp	Cr	af1f6f2b49699d2d	95966
Cr-Ta_COMBINED_FITTED.webp	Cr	60a617c884d470db	99388
Cr-Ta_COMBINED_PREDICTED.webp	Cr	f6312abd359ffded	123002
Cr-Tb_COMBINED_FITTED.webp	Cr	d2af5b82b53ac1e6	81820
Cr-Tb_COMBINED_PREDICTED.webp	Cr	6a9f74553d0a7e0a	107758
Cr-Th_COMBINED_FITTED.webp	Cr	d18cf90a2f494558	95950
Cr-Th_COMBINED_PREDICTED.webp	Cr	7f927582765141ec	114758
Cr-Ti_COMBINED_FITTED.webp	Cr	009e0db639027627	67394
Cr-Ti_COMBINED_PREDICTED.webp	Cr	664b1edd89a185a7	123144
Cr-Tl_COMBINED_FITTED.webp	Cr	10f394f9e487f347	41072
Cr-Tl_COMBINED_PREDICTED.webp	Cr	c94dce0e69f6df2a	92422
Cr-Tm_COMBINED_FITTED.webp	Cr	0a5aceb674f18b76	82958
Cr-Tm_COMBINED_PREDICTED.webp	Cr	d25eea3839105bc2	104314
Cr-V_COMBINED_FITTED.webp	Cr	f869244a20fb32d4	62108
Cr-V_COMBINED_PREDICTED.webp	Cr	3cd2e89f630816e8	122938
Cr-W_COMBINED_FITTED.webp	Cr	5c8774859aa54998	58230
Cr-W_COMBINED_PREDICTED.webp	Cr	5f2f1ad1e9ae2daa	118058
Cr-Y_COMBINED_FITTED.webp	Cr	9127431d20eb3d3e	94956
Cr-Y_COMBINED_PREDICTED.webp	Cr	c290732d5e38b875	113146
Cr-Yb_COMBINED_FITTED.webp	Cr	bbb6139a4288f27d	52500
Cr-Yb_COMBINED_PREDICTED.webp	Cr	6172372714969d59	104240
Cr-Zn_COMBINED_FITTED.webp	Cr	64664fb8408e8635	58146
Cr-Zn_COMBINED_PREDICTED.webp	Cr	0d6196ef8ca89ae0	112362
Cr-Zr_COMBINED_FITTED.webp	Cr	8ef2cd779ef5902b	99696
Cr-Zr_COMBINED_PREDICTED.webp	Cr	640d1491c91a84bf	120858
Cu-Dy_COMBINED_FITTED.webp	Cu	b25d03e428fd571d	113058
Cu-Dy_COMBINED_PREDICTED.webp	Cu	165c882f0e91a5d4	132470
Cu-Er_COMBINED_FITTED.webp	Cu	16314dbd4de8d7c7	103776
Cu-Er_COMBINED_PREDICTED.webp	Cu	e5d51498f4710f14	125508
Cu-Eu_COMBINED_FITTED.webp	Cu	fdf4f94f37887aa2	107442
Cu-Eu_COMBINED_PREDICTED.webp	Cu	fc87fe4e8813169c	124364
Cu-Fe_COMBINED_FITTED.webp	Cu	61732df6ca3a4930	94652
Cu-Fe_COMBINED_PREDICTED.webp	Cu	c5422448f41b0d76	117056
Cu-Ga_COMBINED_FITTED.webp	Cu	f0267e73c49c66f7	113208
Cu-Ga_COMBINED_PREDICTED.webp	Cu	ecdf44b1e90ec09b	128558
Cu-Gd_COMBINED_FITTED.webp	Cu	a611e89d31b1a57f	115074
Cu-Gd_COMBINED_PREDICTED.webp	Cu	13f82a80a3049d39	133498
Cu-Ge_COMBINED_FITTED.webp	Cu	dfe1bdc910082ecf	102402
Cu-Ge_COMBINED_PREDICTED.webp	Cu	179846845faf3c6c	122092
Cu-Hf_COMBINED_FITTED.webp	Cu	16c4f592384602ea	112450
Cu-Hf_COMBINED_PREDICTED.webp	Cu	e5f0ad63ae150e34	125764
Cu-Hg_COMBINED_FITTED.webp	Cu	efc952063a7734bf	54442
Cu-Hg_COMBINED_PREDICTED.webp	Cu	b58288e81b291858	114570
Cu-Ho_COMBINED_FITTED.webp	Cu	b460fd2beabe00ff	108518
Cu-Ho_COMBINED_PREDICTED.webp	Cu	12eb0fb8c0053ef3	127230
Cu-In_COMBINED_FITTED.webp	Cu	2753c63c43716cfa	103456
Cu-In_COMBINED_PREDICTED.webp	Cu	bec003003f26169f	122112
Cu-Ir_COMBINED_FITTED.webp	Cu	39eaadb67dbedc2e	96676
Cu-Ir_COMBINED_PREDICTED.webp	Cu	24445850d58b881b	115616
Cu-La_COMBINED_FITTED.webp	Cu	8da46a99e60cb193	108290
Cu-La_COMBINED_PREDICTED.webp	Cu	5184683db455bdc1	127774
Cu-Li_COMBINED_FITTED.webp	Cu	7e0413f9fe43cd17	95722
Cu-Li_COMBINED_PREDICTED.webp	Cu	db63d9cca7a74a73	117318
Cu-Lu_COMBINED_FITTED.webp	Cu	d640b1058b7c4130	102254
Cu-Lu_COMBINED_PREDICTED.webp	Cu	4131bea160a99185	126792
Cu-Mg_COMBINED_FITTED.webp	Cu	334ef17cb28a17f6	108440
Cu-Mg_COMBINED_PREDICTED.webp	Cu	53909874b68af163	127632
Cu-Mn_COMBINED_FITTED.webp	Cu	7bdae8d2b32583be	61214
Cu-Mn_COMBINED_PREDICTED.webp	Cu	6dd478f292806c47	122300
Cu-Mo_COMBINED_FITTED.webp	Cu	b703c470c45117aa	53072
Cu-Mo_COMBINED_PREDICTED.webp	Cu	88f27825e36d919b	112324
Cu-Na_COMBINED_FITTED.webp	Cu	7eb60362cbf50662	51128
Cu-Na_COMBINED_PREDICTED.webp	Cu	158c43c55b31d644	108850
Cu-Nb_COMBINED_FITTED.webp	Cu	023db33b44950278	92592
Cu-Nb_COMBINED_PREDICTED.webp	Cu	638495272e8a3347	110828
Cu-Nd_COMBINED_FITTED.webp	Cu	c37c62d750ab66d8	104074
Cu-Nd_COMBINED_PREDICTED.webp	Cu	d07ae7f3aaf6d099	126366
Cu-Ni_COMBINED_FITTED.webp	Cu	bb5c267bd883e469	55614
Cu-Ni_COMBINED_PREDICTED.webp	Cu	fc0e39de93a3961a	112760
Cu-Os_COMBINED_FITTED.webp	Cu	aeed46bf4e515e75	90224
Cu-Os_COMBINED_PREDICTED.webp	Cu	6d2efabec5adfdc3	111754
Cu-Pb_COMBINED_FITTED.webp	Cu	b632d079e1aab86a	85690
Cu-Pb_COMBINED_PREDICTED.webp	Cu	e2f32609b041f5de	110478
Cu-Pr_COMBINED_FITTED.webp	Cu	f08597eb49085e88	104050
Cu-Pr_COMBINED_PREDICTED.webp	Cu	35ca989d010a9d52	125380
Cu-Rb_COMBINED_FITTED.webp	Cu	309c47cf2e4d07e0	41436
Cu-Rb_COMBINED_PREDICTED.webp	Cu	129474e6c96f35ec	94108
Cu-Re_COMBINED_FITTED.webp	Cu	4ec38ad52180d21e	91546
Cu-Re_COMBINED_PREDICTED.webp	Cu	da027cf3661aae00	114176
Cu-Rh_COMBINED_FITTED.webp	Cu	2a3bdce4b9d6e2b7	57740
Cu-Rh_COMBINED_PREDICTED.webp	Cu	7db4ba87dccaa39f	116472
Cu-Ru_COMBINED_FITTED.webp	Cu	46adc2dc020f3729	90624
Cu-Ru_COMBINED_PREDICTED.webp	Cu	4a4cde1e95d6f615	113766
Cu-Sc_COMBINED_FITTED.webp	Cu	17078ac8a80b1d04	104170
Cu-Sc_COMBINED_PREDICTED.webp	Cu	05a0a4eba3bd4856	125182
Cu-Si_COMBINED_FITTED.webp	Cu	908ca92deb3c98cb	105334
Cu-Si_COMBINED_PREDICTED.webp	Cu	239a16b52a40e984	126224
Cu-Sm_COMBINED_FITTED.webp	Cu	e7f65d4b4cb052af	108238
Cu-Sm_COMBINED_PREDICTED.webp	Cu	7674b689ae21a884	128772
Cu-Sn_COMBINED_FITTED.webp	Cu	248bcdbbfc20054e	102864
Cu-Sn_COMBINED_PREDICTED.webp	Cu	f5fac342a634f058	122080
Cu-Sr_COMBINED_FITTED.webp	Cu	932183f6bda4c39e	103828
Cu-Sr_COMBINED_PREDICTED.webp	Cu	bcf31417edbcb2b3	119944
Cu-Ta_COMBINED_FITTED.webp	Cu	99532e792cdf421c	87100
Cu-Ta_COMBINED_PREDICTED.webp	Cu	3d7297a44490b8b8	110390
Cu-Tb_COMBINED_FITTED.webp	Cu	3d939dc542a0660a	110368
Cu-Tb_COMBINED_PREDICTED.webp	Cu	5d20c1984ed0bc1e	128218
Cu-Th_COMBINED_FITTED.webp	Cu	f0088d9398d8ba06	107844
Cu-Th_COMBINED_PREDICTED.webp	Cu	52cd9cbc5259491c	126720
Cu-Ti_COMBINED_FITTED.webp	Cu	4a414de4f059eda6	109260
Cu-Ti_COMBINED_PREDICTED.webp	Cu	52388219faa28f0d	129074
Cu-Tl_COMBINED_FITTED.webp	Cu	f17055fe64cc3d44	91850
Cu-Tl_COMBINED_PREDICTED.webp	Cu	85d21010e5021e9a	111708
Cu-Tm_COMBINED_FITTED.webp	Cu	1c91928ead89a27d	109106
Cu-Tm_COMBINED_PREDICTED.webp	Cu	07b0bc725804cf9c	125498
Cu-V_COMBINED_FITTED.webp	Cu	a778d5e165aa8e2d	90006
Cu-V_COMBINED_PREDICTED.webp	Cu	d56d20774f32ac49	107608
Cu-W_COMBINED_FITTED.webp	Cu	f63755d14480fd6d	51460
Cu-W_COMBINED_PREDICTED.webp	Cu	9af87c95b100e3da	112132
Cu-Y_COMBINED_FITTED.webp	Cu	e9a088b63e6d5994	108920
Cu-Y_COMBINED_PREDICTED.webp	Cu	de67b201af96715b	127750
Cu-Yb_COMBINED_FITTED.webp	Cu	719829358317d119	103510
Cu-Yb_COMBINED_PREDICTED.webp	Cu	38cddfbd063f44be	124400
Cu-Zn_COMBINED_FITTED.webp	Cu	161717ca3269a122	110262
Cu-Zn_COMBINED_PREDICTED.webp	Cu	5ddd5c2c2ccce65b	134630
Cu-Zr_COMBINED_FITTED.webp	Cu	1e732135f2278736	110190
Cu-Zr_COMBINED_PREDICTED.webp	Cu	7e8df946f1d8a775	126414
Dy-Er_COMBINED_FITTED.webp	Dy	0aa28fff8c1f2152	55898
Dy-Er_COMBINED_PREDICTED.webp	Dy	f1f5b5a24eda2ba4	113656
Dy-Eu_COMBINED_FITTED.webp	Dy	364eaf6048448737	42436
Dy-Eu_COMBINED_PREDICTED.webp	Dy	4b8d9b9cea62ffdd	95682
Dy-Fe_COMBINED_FITTED.webp	Dy	bc3ceb9d8aaaaa86	110702
Dy-Fe_COMBINED_PREDICTED.webp	Dy	65d8af8d45e281fd	130262
Dy-Ga_COMBINED_FITTED.webp	Dy	12dd84fb9315e49b	116456
Dy-Ga_COMBINED_PREDICTED.webp	Dy	720cf4bea6f9aa9c	133300
Dy-Gd_COMBINED_FITTED.webp	Dy	4116b74760617dc6	42800
Dy-Gd_COMBINED_PREDICTED.webp	Dy	3252f6e97de15cd1	98800
Dy-Ge_COMBINED_FITTED.webp	Dy	93ddf3d9d56cb68d	114582
Dy-Ge_COMBINED_PREDICTED.webp	Dy	66a6326438b394ad	133090
Dy-Hf_COMBINED_FITTED.webp	Dy	8de5e7b6d74867cb	40520
Dy-Hf_COMBINED_PREDICTED.webp	Dy	0680ce1468dd91ac	96406
Dy-Hg_COMBINED_FITTED.webp	Dy	c0a78df7a26afe1d	116070
Dy-Hg_COMBINED_PREDICTED.webp	Dy	7bdc5150d8858d38	129638
Dy-Ho_COMBINED_FITTED.webp	Dy	e0143c5b3c3d1f2c	60130
Dy-Ho_COMBINED_PREDICTED.webp	Dy	d722b06d1889f22f	119902
Dy-In_COMBINED_FITTED.webp	Dy	bb2bbfd108a39a49	112922
Dy-In_COMBINED_PREDICTED.webp	Dy	a43cc1a93a8240ce	132158
Dy-Ir_COMBINED_FITTED.webp	Dy	de83afd6a68416e5	111626
Dy-Ir_COMBINED_PREDICTED.webp	Dy	a4edbf2531fc8593	129538
Dy-La_COMBINED_FITTED.webp	Dy	fbc0ecc841245619	64922
Dy-La_COMBINED_PREDICTED.webp	Dy	505f06fcad37ce0e	123944
Dy-Li_COMBINED_FITTED.webp	Dy	9acd86b19b3ea527	41042
Dy-Li_COMBINED_PREDICTED.webp	Dy	4ac8bef04dd456a2	95598
Dy-Lu_COMBINED_FITTED.webp	Dy	15994a057f73f57b	53058
Dy-Lu_COMBINED_PREDICTED.webp	Dy	cb1cf4f0c99a3b7e	110576
Dy-Mg_COMBINED_FITTED.webp	Dy	fef3872fad3b7bae	105600
Dy-Mg_COMBINED_PREDICTED.webp	Dy	1ac55c710413a11f	125456
Dy-Mn_COMBINED_FITTED.webp	Dy	0d25ae84a1fd84f9	62226
Dy-Mn_COMBINED_PREDICTED.webp	Dy	b984a8a136c6742c	120652
Dy-Mo_COMBINED_FITTED.webp	Dy	67de2066fdc19059	56908
Dy-Mo_COMBINED_PREDICTED.webp	Dy	deabe019e9e247f0	114436
Dy-Na_COMBINED_FITTED.webp	Dy	395a229af7a3bd94	42520
Dy-Na_COMBINED_PREDICTED.webp	Dy	5ac253f6722946e4	96420
Dy-Nb_COMBINED_FITTED.webp	Dy	28554a8d56c76c49	40852
Dy-Nb_COMBINED_PREDICTED.webp	Dy	29ebd360846d2efe	94948
Dy-Nd_COMBINED_FITTED.webp	Dy	a0dd094623b61f70	65742
Dy-Nd_COMBINED_PREDICTED.webp	Dy	8f5d9adb6519abbf	123924
Dy-Ni_COMBINED_FITTED.webp	Dy	88595fe8f3e8eafb	112036
Dy-Ni_COMBINED_PREDICTED.webp	Dy	20813b30249021b1	131672
Dy-Os_COMBINED_FITTED.webp	Dy	b0fd8049db4d2c78	47742
Dy-Os_COMBINED_PREDICTED.webp	Dy	1521854ae2d76bb9	104670
Dy-Pb_COMBINED_FITTED.webp	Dy	2b822da35c09024c	112224
Dy-Pb_COMBINED_PREDICTED.webp	Dy	fdfc2fa810a80484	130548
Dy-Pr_COMBINED_FITTED.webp	Dy	d0ac1a780141c9c2	61762
Dy-Pr_COMBINED_PREDICTED.webp	Dy	1687ab46a7c8f1a0	118850
Dy-Rb_COMBINED_FITTED.webp	Dy	13785d489a60b207	41350
Dy-Rb_COMBINED_PREDICTED.webp	Dy	f112ad0d201604d5	97442
Dy-Re_COMBINED_FITTED.webp	Dy	b08e69ee84f4ec04	47948
Dy-Re_COMBINED_PREDICTED.webp	Dy	f3f54fac7a3738ca	102774
Dy-Rh_COMBINED_FITTED.webp	Dy	cc08a42f8a7b598a	119670
Dy-Rh_COMBINED_PREDICTED.webp	Dy	e4b8ac33ef5852c9	134320
Dy-Ru_COMBINED_FITTED.webp	Dy	eac83fe8b82174ab	105446
Dy-Ru_COMBINED_PREDICTED.webp	Dy	27998423fd8f2e96	125370
Dy-Sc_COMBINED_FITTED.webp	Dy	f793470bd2d3f1f4	42918
Dy-Sc_COMBINED_PREDICTED.webp	Dy	d1c1e6487743516f	100314
Dy-Si_COMBINED_FITTED.webp	Dy	844dec16b03ab5a4	49100
Dy-Si_COMBINED_PREDICTED.webp	Dy	579111d0dd52a459	109910
Dy-Sm_COMBINED_FITTED.webp	Dy	4161672f1ae39ab8	58520
Dy-Sm_COMBINED_PREDICTED.webp	Dy	2849992ef5ddf16e	116286
Dy-Sn_COMBINED_FITTED.webp	Dy	76610945775de149	118540
Dy-Sn_COMBINED_PREDICTED.webp	Dy	14657872aea6753c	134968
Dy-Sr_COMBINED_FITTED.webp	Dy	130741bf2b07b023	42510
Dy-Sr_COMBINED_PREDICTED.webp	Dy	e271d7bbe8d0fc5e	94136
Dy-Ta_COMBINED_FITTED.webp	Dy	561d9e83e819ce68	113700
Dy-Ta_COMBINED_PREDICTED.webp	Dy	1d0e41b7cbbfcede	172830
Dy-Tb_COMBINED_FITTED.webp	Dy	794289a5e3d7bcd7	54356
Dy-Tb_COMBINED_PREDICTED.webp	Dy	4d7cd3f4d676bd39	112880
Dy-Th_COMBINED_FITTED.webp	Dy	65167032cf5a33e0	58030
Dy-Th_COMBINED_PREDICTED.webp	Dy	77f591df2a81f5fe	117748
Dy-Ti_COMBINED_FITTED.webp	Dy	39c54c40b46bc04b	92144
Dy-Ti_COMBINED_PREDICTED.webp	Dy	83a5df74ead927eb	110866
Dy-Tl_COMBINED_FITTED.webp	Dy	0ecbd1063a686ab9	115746
Dy-Tl_COMBINED_PREDICTED.webp	Dy	536c326f84c9a77e	128694
Dy-Tm_COMBINED_FITTED.webp	Dy	d1379768a5e6ef16	54776
Dy-Tm_COMBINED_PREDICTED.webp	Dy	b85b7e4e5c63767a	114352
Dy-V_COMBINED_FITTED.webp	Dy	2e38d665bdd9f49d	51412
Dy-V_COMBINED_PREDICTED.webp	Dy	cb8c851788a99416	107014
Dy-W_COMBINED_FITTED.webp	Dy	a0e115eed7f5a607	116210
Dy-W_COMBINED_PREDICTED.webp	Dy	6a77509da17eec70	175830
Dy-Y_COMBINED_FITTED.webp	Dy	983e9a1cf4410b3c	59626
Dy-Y_COMBINED_PREDICTED.webp	Dy	7db3bc1a33ca25d0	120208
Dy-Yb_COMBINED_FITTED.webp	Dy	b1096ec046abc3c3	99296
Dy-Yb_COMBINED_PREDICTED.webp	Dy	1c449069f5a90b5d	113972
Dy-Zn_COMBINED_FITTED.webp	Dy	94b16e30be009a32	75120
Dy-Zn_COMBINED_PREDICTED.webp	Dy	768e0e675eb5bc3e	136942
Dy-Zr_COMBINED_FITTED.webp	Dy	c454a4c81a65ab4d	92622
Dy-Zr_COMBINED_PREDICTED.webp	Dy	b740f7d71924356d	112034
Er-Eu_COMBINED_FITTED.webp	Er	92780db92abe2ea3	42458
Er-Eu_COMBINED_PREDICTED.webp	Er	d706a4961b798227	92216
Er-Fe_COMBINED_FITTED.webp	Er	0f977fc798d559e6	107792
Er-Fe_COMBINED_PREDICTED.webp	Er	aebf44f5cf730377	129814
Er-Ga_COMBINED_FITTED.webp	Er	9b3e55251045a36d	112006
Er-Ga_COMBINED_PREDICTED.webp	Er	9e2b9357dabcad61	130082
Er-Gd_COMBINED_FITTED.webp	Er	3637d569348df2a7	59282
Er-Gd_COMBINED_PREDICTED.webp	Er	b7d1810e4ca645ac	117860
Er-Ge_COMBINED_FITTED.webp	Er	6f86392e2f50e5b7	117986
Er-Ge_COMBINED_PREDICTED.webp	Er	961a5d6aa123f8eb	133952
Er-Hf_COMBINED_FITTED.webp	Er	3c8114f75cf6fb6b	92716
Er-Hf_COMBINED_PREDICTED.webp	Er	5ef667e91a5f1d0f	110758
Er-Hg_COMBINED_FITTED.webp	Er	a25558731f210958	61142
Er-Hg_COMBINED_PREDICTED.webp	Er	0847dab01045c3f4	121056
Er-Ho_COMBINED_FITTED.webp	Er	b19c93bda9885711	52662
Er-Ho_COMBINED_PREDICTED.webp	Er	7477e06a568aedd1	111420
Er-In_COMBINED_FITTED.webp	Er	96cf7e02f08d8a86	110056
Er-In_COMBINED_PREDICTED.webp	Er	81207725ead4719d	129500
Er-Ir_COMBINED_FITTED.webp	Er	140d7d1ea9b9a1e5	112612
Er-Ir_COMBINED_PREDICTED.webp	Er	e3ad4c246435e923	127548
Er-La_COMBINED_FITTED.webp	Er	1e53fd1c5ce8f249	65182
Er-La_COMBINED_PREDICTED.webp	Er	d0421ac2aac34195	121836
Er-Li_COMBINED_FITTED.webp	Er	68c9e126c5c41d56	93808
Er-Li_COMBINED_PREDICTED.webp	Er	07aa924f074c7eca	109974
Er-Lu_COMBINED_FITTED.webp	Er	4650422e5cd8a74f	55934
Er-Lu_COMBINED_PREDICTED.webp	Er	b9679e6cc548d1a5	114148
Er-Mg_COMBINED_FITTED.webp	Er	94d1e35349e40b75	108450
Er-Mg_COMBINED_PREDICTED.webp	Er	77e38c672e4d265e	128548
Er-Mn_COMBINED_FITTED.webp	Er	b78da65ef73907a7	62108
Er-Mn_COMBINED_PREDICTED.webp	Er	3eddd4fc27c06a35	121248
Er-Mo_COMBINED_FITTED.webp	Er	421abdea2c385136	91904
Er-Mo_COMBINED_PREDICTED.webp	Er	70f3f3046a2098f0	110314
Er-Na_COMBINED_FITTED.webp	Er	e449ab32f57dba5f	42556
Er-Na_COMBINED_PREDICTED.webp	Er	266ba6db371ea10f	94606
Er-Nb_COMBINED_FITTED.webp	Er	8bebca56d622fa44	52614
Er-Nb_COMBINED_PREDICTED.webp	Er	d94a7c7998c830b0	106396
Er-Nd_COMBINED_FITTED.webp	Er	dfa5ca8ded170f7c	63344
Er-Nd_COMBINED_PREDICTED.webp	Er	3902b09bbc510833	119492
Er-Ni_COMBINED_FITTED.webp	Er	3adeace5e092cc85	109906
Er-Ni_COMBINED_PREDICTED.webp	Er	07685d3cbb88f78e	131412
Er-Os_COMBINED_FITTED.webp	Er	bbf1e7688e7ca7f9	47460
Er-Os_COMBINED_PREDICTED.webp	Er	84e734997ed5ebb1	105852
Er-Pb_COMBINED_FITTED.webp	Er	a9c4277df4ce4cf0	49094
Er-Pb_COMBINED_PREDICTED.webp	Er	f0107012550857cf	108292
Er-Pr_COMBINED_FITTED.webp	Er	55476b1cd52ebf1a	63238
Er-Pr_COMBINED_PREDICTED.webp	Er	df83111a4c321507	120368
Er-Rb_COMBINED_FITTED.webp	Er	4e7f69a112b0ab12	41266
Er-Rb_COMBINED_PREDICTED.webp	Er	20bfcd7e7ca65873	95348
Er-Re_COMBINED_FITTED.webp	Er	c619ba58a4c8124d	96420
Er-Re_COMBINED_PREDICTED.webp	Er	3800d041cd5f8bf9	118352
Er-Rh_COMBINED_FITTED.webp	Er	ee810eca7a305260	124856
Er-Rh_COMBINED_PREDICTED.webp	Er	230ef7f375a8187b	137950
Er-Ru_COMBINED_FITTED.webp	Er	ba22b2f27308de24	61380
Er-Ru_COMBINED_PREDICTED.webp	Er	35ac73608dbf1b39	122434
Er-Sc_COMBINED_FITTED.webp	Er	322a9a4b432da68b	58360
Er-Sc_COMBINED_PREDICTED.webp	Er	364466343d4a0e74	117622
Er-Si_COMBINED_FITTED.webp	Er	97b9be1b50a22e0d	110410
Er-Si_COMBINED_PREDICTED.webp	Er	710452fd8c77ce38	128348
Er-Sm_COMBINED_FITTED.webp	Er	fba8ecee2d668088	60208
Er-Sm_COMBINED_PREDICTED.webp	Er	6de0a44953af596f	117916
Er-Sn_COMBINED_FITTED.webp	Er	7816b0672ea65a0c	108208
Er-Sn_COMBINED_PREDICTED.webp	Er	f6ca2f094046ee16	125880
Er-Sr_COMBINED_FITTED.webp	Er	560a12a2984129df	42490
Er-Sr_COMBINED_PREDICTED.webp	Er	aea3599985be375b	95170
Er-Ta_COMBINED_FITTED.webp	Er	8ea96c9e46bf9ac5	55238
Er-Ta_COMBINED_PREDICTED.webp	Er	7edade0785d96d36	112024
Er-Tb_COMBINED_FITTED.webp	Er	9068249174dea16c	57076
Er-Tb_COMBINED_PREDICTED.webp	Er	44f3b745554cf194	114956
Er-Th_COMBINED_FITTED.webp	Er	67e782ba2e035174	56998
Er-Th_COMBINED_PREDICTED.webp	Er	23d27d332ab2c1a5	117846
Er-Ti_COMBINED_FITTED.webp	Er	bd2803e1b5de89b8	87502
Er-Ti_COMBINED_PREDICTED.webp	Er	46f5e3b2f28633a5	106892
Er-Tl_COMBINED_FITTED.webp	Er	63bc0b6fcee387f8	109748
Er-Tl_COMBINED_PREDICTED.webp	Er	1ada54c21cb080b3	126704
Er-Tm_COMBINED_FITTED.webp	Er	acd10c161f6bb250	51524
Er-Tm_COMBINED_PREDICTED.webp	Er	a48847a6ebdc8ae8	107112
Er-V_COMBINED_FITTED.webp	Er	14e5c1dbb0b1c6e9	94712
Er-V_COMBINED_PREDICTED.webp	Er	b1078bf5db257ce2	109812
Er-W_COMBINED_FITTED.webp	Er	0adaa610594d8810	116186
Er-W_COMBINED_PREDICTED.webp	Er	c2004c06c3882de7	172924
Er-Y_COMBINED_FITTED.webp	Er	b69954b9cf91fcc1	54580
Er-Y_COMBINED_PREDICTED.webp	Er	c37126e2d085565d	113784
Er-Yb_COMBINED_FITTED.webp	Er	4b6f337fe777bac7	54726
Er-Yb_COMBINED_PREDICTED.webp	Er	9e1ef488ab1f2b1f	111990
Er-Zn_COMBINED_FITTED.webp	Er	d33b9c746c2e4b6d	109598
Er-Zn_COMBINED_PREDICTED.webp	Er	d46988981ecfc6f5	128314
Er-Zr_COMBINED_FITTED.webp	Er	23523d69899fc2a0	57794
Er-Zr_COMBINED_PREDICTED.webp	Er	ab530eafbaebab81	114216
Eu-Fe_COMBINED_FITTED.webp	Eu	0f90ea38c145f6c9	58580
Eu-Fe_COMBINED_PREDICTED.webp	Eu	b49991329d937c15	116470
Eu-Ga_COMBINED_FITTED.webp	Eu	a19bc69c85353f1d	114530
Eu-Ga_COMBINED_PREDICTED.webp	Eu	b6a07a25b81bbb23	129806
Eu-Gd_COMBINED_FITTED.webp	Eu	c004a093fe98e1dc	42052
Eu-Gd_COMBINED_PREDICTED.webp	Eu	22e5d532ac5a7f69	94590
Eu-Ge_COMBINED_FITTED.webp	Eu	8f6937d9a16b61fa	111866
Eu-Ge_COMBINED_PREDICTED.webp	Eu	8d0f90929bcf0720	129674
Eu-Hf_COMBINED_FITTED.webp	Eu	220ec7c95abff826	54362
Eu-Hf_COMBINED_PREDICTED.webp	Eu	4019351296d3fa2d	110198
Eu-Hg_COMBINED_FITTED.webp	Eu	4e666bdbae9b672e	48694
Eu-Hg_COMBINED_PREDICTED.webp	Eu	4bfb068b0f0f8b65	109670
Eu-Ho_COMBINED_FITTED.webp	Eu	601636bbb8269e72	42616
Eu-Ho_COMBINED_PREDICTED.webp	Eu	3fdd79dcca4d97d5	94460
Eu-In_COMBINED_FITTED.webp	Eu	696f78b82f9f64f5	109814
Eu-In_COMBINED_PREDICTED.webp	Eu	0dedc7a7f993fa20	130302
Eu-Ir_COMBINED_FITTED.webp	Eu	0e7480129cb32072	48102
Eu-Ir_COMBINED_PREDICTED.webp	Eu	722110f6b7ba203a	106442
Eu-La_COMBINED_FITTED.webp	Eu	35944d831584cc33	92932
Eu-La_COMBINED_PREDICTED.webp	Eu	c0b42dca36367e85	113666
Eu-Li_COMBINED_FITTED.webp	Eu	fc824c0e45f877c8	42078
Eu-Li_COMBINED_PREDICTED.webp	Eu	a9161c96439599b8	93918
Eu-Lu_COMBINED_FITTED.webp	Eu	4f01353a9d0f929c	42118
Eu-Lu_COMBINED_PREDICTED.webp	Eu	6d32fd730057290d	93878
Eu-Mg_COMBINED_FITTED.webp	Eu	d8b13269bf9b77cb	65568
Eu-Mg_COMBINED_PREDICTED.webp	Eu	edbc7bd6b60dea5a	128564
Eu-Mn_COMBINED_FITTED.webp	Eu	9d6680de79794a6e	56208
Eu-Mn_COMBINED_PREDICTED.webp	Eu	f823d51f10ad2d08	111958
Eu-Mo_COMBINED_FITTED.webp	Eu	14b8a679176c55bc	53082
Eu-Mo_COMBINED_PREDICTED.webp	Eu	580f841c392dffb3	109534
Eu-Na_COMBINED_FITTED.webp	Eu	1de41f3eff68305a	42738
Eu-Na_COMBINED_PREDICTED.webp	Eu	2a5cf13d973cdf2a	94880
Eu-Nb_COMBINED_FITTED.webp	Eu	ddc499a81270f95e	51400
Eu-Nb_COMBINED_PREDICTED.webp	Eu	ccbff5213311fa9f	108904
Eu-Nd_COMBINED_FITTED.webp	Eu	26190a6674ee03e2	42534
Eu-Nd_COMBINED_PREDICTED.webp	Eu	49a1bc9e0f5a70e2	95966
Eu-Ni_COMBINED_FITTED.webp	Eu	081789c45484716f	99682
Eu-Ni_COMBINED_PREDICTED.webp	Eu	457328e93fefa152	123548
Eu-Os_COMBINED_FITTED.webp	Eu	c68a783987733d04	42148
Eu-Os_COMBINED_PREDICTED.webp	Eu	1e7531580b876202	95066
Eu-Pb_COMBINED_FITTED.webp	Eu	304e23bb0cd6919f	112636
Eu-Pb_COMBINED_PREDICTED.webp	Eu	8799f811a0c324f6	131196
Eu-Pr_COMBINED_FITTED.webp	Eu	a5d98fe15c8344bb	42946
Eu-Pr_COMBINED_PREDICTED.webp	Eu	9e4ade7779c00aad	95792
Eu-Rb_COMBINED_FITTED.webp	Eu	9c1891557f410217	41406
Eu-Rb_COMBINED_PREDICTED.webp	Eu	c27cf95f5ae8ef7d	93580
Eu-Re_COMBINED_FITTED.webp	Eu	7eee1a54583690c7	41898
Eu-Re_COMBINED_PREDICTED.webp	Eu	4c358856afe9969b	94586
Eu-Rh_COMBINED_FITTED.webp	Eu	93eab43191e6d61e	114536
Eu-Rh_COMBINED_PREDICTED.webp	Eu	7ae3d72cb2e5cccb	131824
Eu-Ru_COMBINED_FITTED.webp	Eu	ded493fa5c5474ab	41632
Eu-Ru_COMBINED_PREDICTED.webp	Eu	9d86ac766f40ef4e	95142
Eu-Sc_COMBINED_FITTED.webp	Eu	1063ac7557b20e4c	54278
Eu-Sc_COMBINED_PREDICTED.webp	Eu	e2f15831959f4612	109610
Eu-Si_COMBINED_FITTED.webp	Eu	f1bd84a73a4ace82	50252
Eu-Si_COMBINED_PREDICTED.webp	Eu	412468e7ad505564	107980
Eu-Sm_COMBINED_FITTED.webp	Eu	2314d5857fb09fb1	42004
Eu-Sm_COMBINED_PREDICTED.webp	Eu	d58bdf63284b223e	95188
Eu-Sn_COMBINED_FITTED.webp	Eu	90a4d991218f9901	116364
Eu-Sn_COMBINED_PREDICTED.webp	Eu	1e6cc2a67197b579	131002
Eu-Sr_COMBINED_FITTED.webp	Eu	d0c442fc487b48e9	45118
Eu-Sr_COMBINED_PREDICTED.webp	Eu	9bcaebc8dd59fa38	99894
Eu-Ta_COMBINED_FITTED.webp	Eu	56c527ed0d4cb2f3	54048
Eu-Ta_COMBINED_PREDICTED.webp	Eu	d10a2ea49fbfde89	111498
Eu-Tb_COMBINED_FITTED.webp	Eu	54003a84fe23c7db	42606
Eu-Tb_COMBINED_PREDICTED.webp	Eu	075a76b97a85af85	94586
Eu-Th_COMBINED_FITTED.webp	Eu	a77c0975e881af36	51436
Eu-Th_COMBINED_PREDICTED.webp	Eu	f4345a6a7be4276f	108744
Eu-Ti_COMBINED_FITTED.webp	Eu	1e6048c83890226f	40834
Eu-Ti_COMBINED_PREDICTED.webp	Eu	8624c2194845be38	94010
Eu-Tl_COMBINED_FITTED.webp	Eu	5f50a6f483dbd657	49974
Eu-Tl_COMBINED_PREDICTED.webp	Eu	0f351e786406f5eb	104750
Eu-Tm_COMBINED_FITTED.webp	Eu	03c7fbdb1f31c048	42384
Eu-Tm_COMBINED_PREDICTED.webp	Eu	5e7812275c559219	93630
Eu-V_COMBINED_FITTED.webp	Eu	8acdeeb4a8c8fcb9	53126
Eu-V_COMBINED_PREDICTED.webp	Eu	9025b49a3a3b236a	106986
Eu-W_COMBINED_FITTED.webp	Eu	a3737a877f87e755	116112
Eu-W_COMBINED_PREDICTED.webp	Eu	7c9013b42157679b	173640
Eu-Y_COMBINED_FITTED.webp	Eu	33d6fa14fbb37d55	54508
Eu-Y_COMBINED_PREDICTED.webp	Eu	7e3bad1557ed5cba	110062
Eu-Yb_COMBINED_FITTED.webp	Eu	ae30a97215cfdf48	57842
Eu-Yb_COMBINED_PREDICTED.webp	Eu	b64687bf821f68ef	117080
Eu-Zn_COMBINED_FITTED.webp	Eu	8aa3d769684a7a35	70002
Eu-Zn_COMBINED_PREDICTED.webp	Eu	131f64f4d884fec4	131368
Eu-Zr_COMBINED_FITTED.webp	Eu	297ad856bb1c6105	51858
Eu-Zr_COMBINED_PREDICTED.webp	Eu	095e6912688cae21	105932
Fe-Ga_COMBINED_FITTED.webp	Fe	d5a974adec7d0e82	108762
Fe-Ga_COMBINED_PREDICTED.webp	Fe	4451bcbbc29dbff9	128866
Fe-Gd_COMBINED_FITTED.webp	Fe	14cee47cfea517ae	63278
Fe-Gd_COMBINED_PREDICTED.webp	Fe	48767a017f06f037	126158
Fe-Ge_COMBINED_FITTED.webp	Fe	67dd837a31002117	111104
Fe-Ge_COMBINED_PREDICTED.webp	Fe	86bfa341aa499104	128838
Fe-Hf_COMBINED_FITTED.webp	Fe	3c644e966ed07218	113226
Fe-Hf_COMBINED_PREDICTED.webp	Fe	4efb8c342a022e85	133850
Fe-Hg_COMBINED_FITTED.webp	Fe	96bdf38bbbc648c0	41062
Fe-Hg_COMBINED_PREDICTED.webp	Fe	1c10042f52de5e97	98310
Fe-Ho_COMBINED_FITTED.webp	Fe	174e5c1f13d8e494	106940
Fe-Ho_COMBINED_PREDICTED.webp	Fe	1acf841c9ba1d249	128350
Fe-In_COMBINED_FITTED.webp	Fe	06aeecbe414a5d6b	96868
Fe-In_COMBINED_PREDICTED.webp	Fe	38bfbcab1d1207f6	113238
Fe-Ir_COMBINED_FITTED.webp	Fe	befda2b29eb0246b	63890
Fe-Ir_COMBINED_PREDICTED.webp	Fe	972b2fb43d7f3615	123732
Fe-La_COMBINED_FITTED.webp	Fe	ccc3aedb903630b8	94758
Fe-La_COMBINED_PREDICTED.webp	Fe	f28ad36a429632d5	113846
Fe-Li_COMBINED_FITTED.webp	Fe	b2a0804867577fd8	56506
Fe-Li_COMBINED_PREDICTED.webp	Fe	df0e6dfdb711f1ef	113692
Fe-Lu_COMBINED_FITTED.webp	Fe	982a04e96a478348	109914
Fe-Lu_COMBINED_PREDICTED.webp	Fe	620399600bfe92a7	128298
Fe-Mg_COMBINED_FITTED.webp	Fe	bf637130b89200dc	115638
Fe-Mg_COMBINED_PREDICTED.webp	Fe	18f89e1dc7992f81	177708
Fe-Mn_COMBINED_FITTED.webp	Fe	2dfa3e98e9d6f7cd	60158
Fe-Mn_COMBINED_PREDICTED.webp	Fe	225c8da400301481	123476
Fe-Mo_COMBINED_FITTED.webp	Fe	40fda8773c3baff2	67388
Fe-Mo_COMBINED_PREDICTED.webp	Fe	3dd1488750fb379f	127322
Fe-Na_COMBINED_FITTED.webp	Fe	cc842b5f7f4cbfd9	51262
Fe-Na_COMBINED_PREDICTED.webp	Fe	bc1b47166d96d595	108252
Fe-Nb_COMBINED_FITTED.webp	Fe	be10bb53161565d8	107496
Fe-Nb_COMBINED_PREDICTED.webp	Fe	b505ea243588e6ee	126656
Fe-Nd_COMBINED_FITTED.webp	Fe	e6cd30484dd98931	98134
Fe-Nd_COMBINED_PREDICTED.webp	Fe	7d71a3ff43936f6e	115166
Fe-Ni_COMBINED_FITTED.webp	Fe	5a64a907bb791490	65118
Fe-Ni_COMBINED_PREDICTED.webp	Fe	179b0cd3c84f1372	124532
Fe-Os_COMBINED_FITTED.webp	Fe	3824e1655a471fcf	57488
Fe-Os_COMBINED_PREDICTED.webp	Fe	a194e187c152789d	118632
Fe-Pb_COMBINED_FITTED.webp	Fe	b832fee6150379f1	98114
Fe-Pb_COMBINED_PREDICTED.webp	Fe	11f55e1d007cdae7	114128
Fe-Pr_COMBINED_FITTED.webp	Fe	12912f5a3d2d2200	54884
Fe-Pr_COMBINED_PREDICTED.webp	Fe	7036a183702bd6ba	114680
Fe-Rb_COMBINED_FITTED.webp	Fe	ad7c0d384cd6525b	41592
Fe-Rb_COMBINED_PREDICTED.webp	Fe	aaa618db23977d2c	95436
Fe-Re_COMBINED_FITTED.webp	Fe	a2300d90b4699560	95958
Fe-Re_COMBINED_PREDICTED.webp	Fe	e287dd90e3ba4165	156432
Fe-Rh_COMBINED_FITTED.webp	Fe	bff3a45c6fc727ec	65966
Fe-Rh_COMBINED_PREDICTED.webp	Fe	78f73e6abc5f9ae1	128206
Fe-Ru_COMBINED_FITTED.webp	Fe	b28d490951f54306	56956
Fe-Ru_COMBINED_PREDICTED.webp	Fe	5facefb3a7d1e082	116468
Fe-Sc_COMBINED_FITTED.webp	Fe	56253c2a4f6b5137	65570
Fe-Sc_COMBINED_PREDICTED.webp	Fe	d8d87e14afb44307	131018
Fe-Si_COMBINED_FITTED.webp	Fe	d0d4de8752b316d8	114438
Fe-Si_COMBINED_PREDICTED.webp	Fe	51314311a35d1196	133116
Fe-Sm_COMBINED_FITTED.webp	Fe	8149ab60d32994aa	56918
Fe-Sm_COMBINED_PREDICTED.webp	Fe	56bb6d3f7438963b	117364
Fe-Sn_COMBINED_FITTED.webp	Fe	4777012e34488e19	63138
Fe-Sn_COMBINED_PREDICTED.webp	Fe	07a6a50593b30d54	122690
Fe-Sr_COMBINED_FITTED.webp	Fe	f683b3267a3cae4e	52656
Fe-Sr_COMBINED_PREDICTED.webp	Fe	93616e99e9c5c9de	108788
Fe-Ta_COMBINED_FITTED.webp	Fe	6774fda2f7ebc009	111178
Fe-Ta_COMBINED_PREDICTED.webp	Fe	31578fb02130bea8	129562
Fe-Tb_COMBINED_FITTED.webp	Fe	b3790c7a1ffff267	107604
Fe-Tb_COMBINED_PREDICTED.webp	Fe	83fdfc18ac7aad2e	128266
Fe-Th_COMBINED_FITTED.webp	Fe	692dc991b415d18b	110654
Fe-Th_COMBINED_PREDICTED.webp	Fe	a37c8850f77c502e	129338
Fe-Ti_COMBINED_FITTED.webp	Fe	716fe3d8708db95a	113156
Fe-Ti_COMBINED_PREDICTED.webp	Fe	160e17690a0c7e9b	128992
Fe-Tl_COMBINED_FITTED.webp	Fe	c2df94961963eb5b	40580
Fe-Tl_COMBINED_PREDICTED.webp	Fe	4b6f764c3bc79fad	97432
Fe-Tm_COMBINED_FITTED.webp	Fe	379c9437dbced090	110910
Fe-Tm_COMBINED_PREDICTED.webp	Fe	91fde9b63b83fba9	128970
Fe-V_COMBINED_FITTED.webp	Fe	c7faef67ebbb9b3f	67312
Fe-V_COMBINED_PREDICTED.webp	Fe	9896ead8c484060d	127764
Fe-W_COMBINED_FITTED.webp	Fe	e2fec1159eda85dc	104126
Fe-W_COMBINED_PREDICTED.webp	Fe	ed3c9699f5d04cef	125688
Fe-Y_COMBINED_FITTED.webp	Fe	9eb80a53667181b0	111020
Fe-Y_COMBINED_PREDICTED.webp	Fe	6eba750f892916ad	128632
Fe-Yb_COMBINED_FITTED.webp	Fe	2ad36e45d48b54eb	56216
Fe-Yb_COMBINED_PREDICTED.webp	Fe	9bf13c2ba2886eb1	116142
Fe-Zn_COMBINED_FITTED.webp	Fe	857c00efb860d007	105162
Fe-Zn_COMBINED_PREDICTED.webp	Fe	843c0aaf32a16460	127424
Fe-Zr_COMBINED_FITTED.webp	Fe	d3635e0898d7e5e5	104998
Fe-Zr_COMBINED_PREDICTED.webp	Fe	6ef19c0b04db61b5	129204
Ga-Gd_COMBINED_FITTED.webp	Ga	10be21b8f6f113c4	117016
Ga-Gd_COMBINED_PREDICTED.webp	Ga	b5aacb598a1d8bf5	135960
Ga-Ge_COMBINED_FITTED.webp	Ga	30579bea511ea2a8	91338
Ga-Ge_COMBINED_PREDICTED.webp	Ga	f836e7b39d001abe	110940
Ga-Hf_COMBINED_FITTED.webp	Ga	906f64067c4c839f	112696
Ga-Hf_COMBINED_PREDICTED.webp	Ga	78c70b5efbdd93a0	129756
Ga-Hg_COMBINED_FITTED.webp	Ga	493fcfeb688cc2a5	91790
Ga-Hg_COMBINED_PREDICTED.webp	Ga	0998448797333a32	112536
Ga-Ho_COMBINED_FITTED.webp	Ga	c60196054a59b294	114230
Ga-Ho_COMBINED_PREDICTED.webp	Ga	7ad1018fc0ac4131	132190
Ga-In_COMBINED_FITTED.webp	Ga	2801dc384b06e8f2	86758
Ga-In_COMBINED_PREDICTED.webp	Ga	bec97199d5111a09	111008
Ga-Ir_COMBINED_FITTED.webp	Ga	bf8341f73aa8a929	49878
Ga-Ir_COMBINED_PREDICTED.webp	Ga	04333aceaccdd803	107598
Ga-La_COMBINED_FITTED.webp	Ga	8de06683a5c13308	119584
Ga-La_COMBINED_PREDICTED.webp	Ga	0d23f074671d9d85	134658
Ga-Li_COMBINED_FITTED.webp	Ga	99a87026760a1f1a	115896
Ga-Li_COMBINED_PREDICTED.webp	Ga	0a95fb9755a8b9c0	134050
Ga-Lu_COMBINED_FITTED.webp	Ga	3209d4743adfccec	110708
Ga-Lu_COMBINED_PREDICTED.webp	Ga	dc7e00c982ea4166	129616
Ga-Mg_COMBINED_FITTED.webp	Ga	eab2f9fa04a476fe	114076
Ga-Mg_COMBINED_PREDICTED.webp	Ga	3b9e139f86302f73	132290
Ga-Mn_COMBINED_FITTED.webp	Ga	17eebc2bc77ecea5	120424
Ga-Mn_COMBINED_PREDICTED.webp	Ga	f71d4fb0c5f52f98	138060
Ga-Mo_COMBINED_FITTED.webp	Ga	4f62e3c0a9717680	63908
Ga-Mo_COMBINED_PREDICTED.webp	Ga	4168f148e2f58a80	123828
Ga-Na_COMBINED_FITTED.webp	Ga	e44f7f97dfee398b	99772
Ga-Na_COMBINED_PREDICTED.webp	Ga	ba11ad0a350caa5e	121970
Ga-Nb_COMBINED_FITTED.webp	Ga	9eb3754f60cc7a81	110738
Ga-Nb_COMBINED_PREDICTED.webp	Ga	399ec8bc419af94c	127232
Ga-Nd_COMBINED_FITTED.webp	Ga	0c4cfbf95c387e40	111124
Ga-Nd_COMBINED_PREDICTED.webp	Ga	eddc478ecba02a03	135382
Ga-Ni_COMBINED_FITTED.webp	Ga	aea5fdda26dc6187	72748
Ga-Ni_COMBINED_PREDICTED.webp	Ga	88a04971dc45987f	136758
Ga-Os_COMBINED_FITTED.webp	Ga	7cb254dbedd0ae7e	49750
Ga-Os_COMBINED_PREDICTED.webp	Ga	6199f96441b5ae70	102864
Ga-Pb_COMBINED_FITTED.webp	Ga	8a774a40871e83b0	96152
Ga-Pb_COMBINED_PREDICTED.webp	Ga	bee5a71d8f5a34a4	110528
Ga-Pr_COMBINED_FITTED.webp	Ga	f8e4c98e21abf8c8	118872
Ga-Pr_COMBINED_PREDICTED.webp	Ga	722340490be7f32c	135890
Ga-Rb_COMBINED_FITTED.webp	Ga	27b1a4c95c62629b	98456
Ga-Rb_COMBINED_PREDICTED.webp	Ga	cf8b7f04bd3600da	119892
Ga-Re_COMBINED_FITTED.webp	Ga	e5b0daa00e7cb599	63132
Ga-Re_COMBINED_PREDICTED.webp	Ga	c25a97c45cfee51c	122470
Ga-Rh_COMBINED_FITTED.webp	Ga	9d10dceb853918c6	92596
Ga-Rh_COMBINED_PREDICTED.webp	Ga	8f6a3d8f259af350	155320
Ga-Ru_COMBINED_FITTED.webp	Ga	2e0383189c007d98	48634
Ga-Ru_COMBINED_PREDICTED.webp	Ga	88f3b31cf95819d1	103848
Ga-Sc_COMBINED_FITTED.webp	Ga	914312604fd22f7b	113190
Ga-Sc_COMBINED_PREDICTED.webp	Ga	d697d2d72cdbdcb7	131048
Ga-Si_COMBINED_FITTED.webp	Ga	16e8241b605b7805	92398
Ga-Si_COMBINED_PREDICTED.webp	Ga	9bc90f78ead4976f	112054
Ga-Sm_COMBINED_FITTED.webp	Ga	d9108d86b4e39c44	113272
Ga-Sm_COMBINED_PREDICTED.webp	Ga	6ddec2ca7f02a643	136450
Ga-Sn_COMBINED_FITTED.webp	Ga	24dbfaa6a150da72	92694
Ga-Sn_COMBINED_PREDICTED.webp	Ga	95d4e66548a37211	113580
Ga-Sr_COMBINED_FITTED.webp	Ga	db3228589f911547	110188
Ga-Sr_COMBINED_PREDICTED.webp	Ga	4486e8230f908120	128012
Ga-Ta_COMBINED_FITTED.webp	Ga	31eeaaf6854b3628	64116
Ga-Ta_COMBINED_PREDICTED.webp	Ga	012826b539732a17	121672
Ga-Tb_COMBINED_FITTED.webp	Ga	5874558ae5067acf	114808
Ga-Tb_COMBINED_PREDICTED.webp	Ga	023a2086fe76bd15	132840
Ga-Th_COMBINED_FITTED.webp	Ga	b13833117c7ca2fd	50622
Ga-Th_COMBINED_PREDICTED.webp	Ga	20aaaab5a6a68269	111018
Ga-Ti_COMBINED_FITTED.webp	Ga	fbcab711d7febdae	115864
Ga-Ti_COMBINED_PREDICTED.webp	Ga	c85758f483e86d61	135502
Ga-Tl_COMBINED_FITTED.webp	Ga	74d65482cb17836f	94658
Ga-Tl_COMBINED_PREDICTED.webp	Ga	238d4035a3eb5cf3	113264
Ga-Tm_COMBINED_FITTED.webp	Ga	efae66b8b54827fd	113270
Ga-Tm_COMBINED_PREDICTED.webp	Ga	cbce2586a695e513	132752
Ga-V_COMBINED_FITTED.webp	Ga	285bc58b88b0107e	112962
Ga-V_COMBINED_PREDICTED.webp	Ga	ebbd51356028bea3	128380
Ga-W_COMBINED_FITTED.webp	Ga	74ff9bf4ef14c193	41686
Ga-W_COMBINED_PREDICTED.webp	Ga	8cb99972ca41b91a	96908
Ga-Y_COMBINED_FITTED.webp	Ga	a9c42c7f47fdc25c	114634
Ga-Y_COMBINED_PREDICTED.webp	Ga	9261d8be27cd49fe	131078
Ga-Yb_COMBINED_FITTED.webp	Ga	905b287738098fd0	114960
Ga-Yb_COMBINED_PREDICTED.webp	Ga	cd00054378f89353	130274
Ga-Zn_COMBINED_FITTED.webp	Ga	a2bf9bf265221818	90786
Ga-Zn_COMBINED_PREDICTED.webp	Ga	4333328e18ce095a	111544
Ga-Zr_COMBINED_FITTED.webp	Ga	260e29aeecefd85a	118470
Ga-Zr_COMBINED_PREDICTED.webp	Ga	98a2d4007bdf2c20	132706
Gd-Ge_COMBINED_FITTED.webp	Gd	6f1d55966ec8e4f5	110852
Gd-Ge_COMBINED_PREDICTED.webp	Gd	0a6cc4902872f4a6	129216
Gd-Hf_COMBINED_FITTED.webp	Gd	9bed8a5eec538af3	40796
Gd-Hf_COMBINED_PREDICTED.webp	Gd	08137386051242c7	95422
Gd-Hg_COMBINED_FITTED.webp	Gd	90b0b801d95770a3	112466
Gd-Hg_COMBINED_PREDICTED.webp	Gd	0394e3b173d320b5	130022
Gd-Ho_COMBINED_FITTED.webp	Gd	eec2fb880a3175ca	57626
Gd-Ho_COMBINED_PREDICTED.webp	Gd	1e71652ae6eee219	116116
Gd-In_COMBINED_FITTED.webp	Gd	f619c85d05f88b1b	114472
Gd-In_COMBINED_PREDICTED.webp	Gd	32c90b4670c31b96	132840
Gd-Ir_COMBINED_FITTED.webp	Gd	506d6d0e41f59b02	63738
Gd-Ir_COMBINED_PREDICTED.webp	Gd	c397e590e8d0c6df	127392
Gd-La_COMBINED_FITTED.webp	Gd	ed922f81aa9122f0	65962
Gd-La_COMBINED_PREDICTED.webp	Gd	abe0bc5c4f28d6f3	124232
Gd-Li_COMBINED_FITTED.webp	Gd	7bb3d1ecefc6c0ef	93998
Gd-Li_COMBINED_PREDICTED.webp	Gd	57150311d82ac835	114992
Gd-Lu_COMBINED_FITTED.webp	Gd	48de8aff01e75f41	57946
Gd-Lu_COMBINED_PREDICTED.webp	Gd	f8828e3660b13c9c	115990
Gd-Mg_COMBINED_FITTED.webp	Gd	39cd18765e2e08ce	104492
Gd-Mg_COMBINED_PREDICTED.webp	Gd	8d48120a0568de00	125648
Gd-Mn_COMBINED_FITTED.webp	Gd	46808b15fbd2a564	58366
Gd-Mn_COMBINED_PREDICTED.webp	Gd	a543f18f8ba1d3e5	117592
Gd-Mo_COMBINED_FITTED.webp	Gd	92f55921397a7699	93870
Gd-Mo_COMBINED_PREDICTED.webp	Gd	34609edfe1b3ab08	114196
Gd-Na_COMBINED_FITTED.webp	Gd	926691774c78aa2b	42558
Gd-Na_COMBINED_PREDICTED.webp	Gd	142b6b3d574ccef4	96694
Gd-Nb_COMBINED_FITTED.webp	Gd	5ff7a73e3958657d	40986
Gd-Nb_COMBINED_PREDICTED.webp	Gd	49f59792f4a9e827	96920
Gd-Nd_COMBINED_FITTED.webp	Gd	a5a5aecda5f3e2fa	64562
Gd-Nd_COMBINED_PREDICTED.webp	Gd	da9fafc1b34f75f1	123444
Gd-Ni_COMBINED_FITTED.webp	Gd	c65cca9b43468fe2	112254
Gd-Ni_COMBINED_PREDICTED.webp	Gd	99961489f7edff2e	133700
Gd-Os_COMBINED_FITTED.webp	Gd	15bbd06ccb376430	48144
Gd-Os_COMBINED_PREDICTED.webp	Gd	1f5cac5bc5e735c2	104946
Gd-Pb_COMBINED_FITTED.webp	Gd	0f3b21afadb53db3	114748
Gd-Pb_COMBINED_PREDICTED.webp	Gd	b4fdf49991eed5ef	130024
Gd-Pr_COMBINED_FITTED.webp	Gd	fa141cb09271de13	64406
Gd-Pr_COMBINED_PREDICTED.webp	Gd	dc6c17d4503e3761	120860
Gd-Rb_COMBINED_FITTED.webp	Gd	930f1fac0170b9b1	41508
Gd-Rb_COMBINED_PREDICTED.webp	Gd	4f63de0b8fc8818f	96082
Gd-Re_COMBINED_FITTED.webp	Gd	09e1875954785563	55174
Gd-Re_COMBINED_PREDICTED.webp	Gd	2a740d4026b1ad6f	113910
Gd-Rh_COMBINED_FITTED.webp	Gd	8545043dc512b46a	117984
Gd-Rh_COMBINED_PREDICTED.webp	Gd	656a3820a2c7ef8d	135392
Gd-Ru_COMBINED_FITTED.webp	Gd	a35a70c7749305ca	62138
Gd-Ru_COMBINED_PREDICTED.webp	Gd	9b8812612cad1395	123644
Gd-Sc_COMBINED_FITTED.webp	Gd	a393d79c6172f8f1	61258
Gd-Sc_COMBINED_PREDICTED.webp	Gd	0f547addeb11ccd8	119470
Gd-Si_COMBINED_FITTED.webp	Gd	44d00fb24f05e480	112586
Gd-Si_COMBINED_PREDICTED.webp	Gd	66d07294809a1ce9	130284
Gd-Sm_COMBINED_FITTED.webp	Gd	2af2494088e75cbf	58810
Gd-Sm_COMBINED_PREDICTED.webp	Gd	1e1a83660ce3a5c2	117332
Gd-Sn_COMBINED_FITTED.webp	Gd	ae9f9123a0f9f20a	111140
Gd-Sn_COMBINED_PREDICTED.webp	Gd	946335985e3f0f56	130924
Gd-Sr_COMBINED_FITTED.webp	Gd	982580ca80a3c6d7	40690
Gd-Sr_COMBINED_PREDICTED.webp	Gd	011ca901bc9b5fd1	94328
Gd-Ta_COMBINED_FITTED.webp	Gd	8a85cf42f7fa825a	51144
Gd-Ta_COMBINED_PREDICTED.webp	Gd	c1e6c0f2400fae44	108070
Gd-Tb_COMBINED_FITTED.webp	Gd	a85fe7b8356261cd	56146
Gd-Tb_COMBINED_PREDICTED.webp	Gd	50547cdc88df91a7	113428
Gd-Th_COMBINED_FITTED.webp	Gd	2f38e7c53a1db11b	58876
Gd-Th_COMBINED_PREDICTED.webp	Gd	47df987b64f0d1d6	119172
Gd-Ti_COMBINED_FITTED.webp	Gd	717d50d158d4ab9e	92742
Gd-Ti_COMBINED_PREDICTED.webp	Gd	f005d22f79a74d17	111866
Gd-Tl_COMBINED_FITTED.webp	Gd	e68d099ca5aeb3b9	112760
Gd-Tl_COMBINED_PREDICTED.webp	Gd	4ed0172514759ead	131854
Gd-Tm_COMBINED_FITTED.webp	Gd	a73f073c2286d66d	53968
Gd-Tm_COMBINED_PREDICTED.webp	Gd	427d19b071c7037e	111244
Gd-V_COMBINED_FITTED.webp	Gd	d783adc304b03827	50424
Gd-V_COMBINED_PREDICTED.webp	Gd	c77e92f631697b64	108458
Gd-W_COMBINED_FITTED.webp	Gd	dc1c11ba87561590	116848
Gd-W_COMBINED_PREDICTED.webp	Gd	18251c75cdba7478	175920
Gd-Y_COMBINED_FITTED.webp	Gd	e4df48a9c5b40aa0	62498
Gd-Y_COMBINED_PREDICTED.webp	Gd	459df262a11e303d	120654
Gd-Yb_COMBINED_FITTED.webp	Gd	d061e39de9fcaa7b	100804
Gd-Yb_COMBINED_PREDICTED.webp	Gd	dd01653f330cfbf4	117794
Gd-Zn_COMBINED_FITTED.webp	Gd	bd9d56127acefea3	112914
Gd-Zn_COMBINED_PREDICTED.webp	Gd	203704d93cfe4b81	128614
Gd-Zr_COMBINED_FITTED.webp	Gd	e9ca7a766ae81a91	95210
Gd-Zr_COMBINED_PREDICTED.webp	Gd	4db77d2c0b573509	114930
Ge-Hf_COMBINED_FITTED.webp	Ge	99b9bbb0d75368ec	112468
Ge-Hf_COMBINED_PREDICTED.webp	Ge	a22580ae0bf1c33c	130428
Ge-Hg_COMBINED_FITTED.webp	Ge	d53f333d0cecea28	51200
Ge-Hg_COMBINED_PREDICTED.webp	Ge	eaf45b5cb5179409	102818
Ge-Ho_COMBINED_FITTED.webp	Ge	8c1bddd2b0dc4069	113476
Ge-Ho_COMBINED_PREDICTED.webp	Ge	303efbf04377cd12	132258
Ge-In_COMBINED_FITTED.webp	Ge	5c83cf234f5d593a	86196
Ge-In_COMBINED_PREDICTED.webp	Ge	b6bf5c9003c32b53	107880
Ge-Ir_COMBINED_FITTED.webp	Ge	8a8d1b091727c0c4	48080
Ge-Ir_COMBINED_PREDICTED.webp	Ge	48f6fb9fe5d9ea1c	105198
Ge-La_COMBINED_FITTED.webp	Ge	c15295626872490b	115908
Ge-La_COMBINED_PREDICTED.webp	Ge	49c76a5c6c024b0a	132848
Ge-Li_COMBINED_FITTED.webp	Ge	141b3a7e1d818430	93408
Ge-Li_COMBINED_PREDICTED.webp	Ge	73539b80dad66caa	120956
Ge-Lu_COMBINED_FITTED.webp	Ge	c4de668396a355f7	108280
Ge-Lu_COMBINED_PREDICTED.webp	Ge	1283bbbc3c860cd1	125322
Ge-Mg_COMBINED_FITTED.webp	Ge	a4282343ed68c86d	105966
Ge-Mg_COMBINED_PREDICTED.webp	Ge	65fa4659143f4b54	125088
Ge-Mn_COMBINED_FITTED.webp	Ge	4ebfd3d8718c5585	112180
Ge-Mn_COMBINED_PREDICTED.webp	Ge	01ffbad70b3d9629	128646
Ge-Mo_COMBINED_FITTED.webp	Ge	0119f0817c7646af	103962
Ge-Mo_COMBINED_PREDICTED.webp	Ge	c31b6e9edec43084	123964
Ge-Na_COMBINED_FITTED.webp	Ge	d1e73739081eb2af	62032
Ge-Na_COMBINED_PREDICTED.webp	Ge	9668a0f1398be7fb	120338
Ge-Nb_COMBINED_FITTED.webp	Ge	89a770e058c79db9	110450
Ge-Nb_COMBINED_PREDICTED.webp	Ge	7081f2001a6507c0	129586
Ge-Nd_COMBINED_FITTED.webp	Ge	556777d9ec2cdada	115586
Ge-Nd_COMBINED_PREDICTED.webp	Ge	f2f4ad91a812d5a3	132276
Ge-Ni_COMBINED_FITTED.webp	Ge	f69058fdbe50e00c	112750
Ge-Ni_COMBINED_PREDICTED.webp	Ge	877be4acb3702ef9	131308
Ge-Os_COMBINED_FITTED.webp	Ge	1423eadbc988e600	47340
Ge-Os_COMBINED_PREDICTED.webp	Ge	33009fc5d23e3008	101502
Ge-Pb_COMBINED_FITTED.webp	Ge	5cfce2d976fceaf3	91798
Ge-Pb_COMBINED_PREDICTED.webp	Ge	aacf5b9c42ad9b4f	110110
Ge-Pr_COMBINED_FITTED.webp	Ge	c804a39d0fd97cbb	114840
Ge-Pr_COMBINED_PREDICTED.webp	Ge	1748973d5b3d3bba	131836
Ge-Rb_COMBINED_FITTED.webp	Ge	4a4a6bfb0323e53a	64852
Ge-Rb_COMBINED_PREDICTED.webp	Ge	5ffed6d36c3b46d5	123642
Ge-Re_COMBINED_FITTED.webp	Ge	a70badc8fc66e92e	82850
Ge-Re_COMBINED_PREDICTED.webp	Ge	3a453bf8cf733550	136410
Ge-Rh_COMBINED_FITTED.webp	Ge	8fb83c3da1aeb804	108320
Ge-Rh_COMBINED_PREDICTED.webp	Ge	1498c6d24d8e863c	127880
Ge-Ru_COMBINED_FITTED.webp	Ge	1cd4d757ffddf6cb	100378
Ge-Ru_COMBINED_PREDICTED.webp	Ge	465ee451ad0d835d	117886
Ge-Sc_COMBINED_FITTED.webp	Ge	470b3730a99fd369	115208
Ge-Sc_COMBINED_PREDICTED.webp	Ge	b8b37daa097d91b5	134282
Ge-Si_COMBINED_FITTED.webp	Ge	3ceff3fb85d8a8cd	56750
Ge-Si_COMBINED_PREDICTED.webp	Ge	4f6c989607442dc8	114248
Ge-Sm_COMBINED_FITTED.webp	Ge	51bafa7c06e26849	113824
Ge-Sm_COMBINED_PREDICTED.webp	Ge	50b01926bf634d71	132894
Ge-Sn_COMBINED_FITTED.webp	Ge	61b518b54ed21703	85854
Ge-Sn_COMBINED_PREDICTED.webp	Ge	f14ed2d00adfa14c	108204
Ge-Sr_COMBINED_FITTED.webp	Ge	f2a4a78c19df1329	107972
Ge-Sr_COMBINED_PREDICTED.webp	Ge	e86b1c90fc83d9ef	126686
Ge-Ta_COMBINED_FITTED.webp	Ge	fcfa82760424d35e	102878
Ge-Ta_COMBINED_PREDICTED.webp	Ge	5709c0056582877d	123490
Ge-Tb_COMBINED_FITTED.webp	Ge	c34579451b8ba877	114174
Ge-Tb_COMBINED_PREDICTED.webp	Ge	c0b4f45ab1c5e5fb	131670
Ge-Th_COMBINED_FITTED.webp	Ge	b2c21e174a307fca	112480
Ge-Th_COMBINED_PREDICTED.webp	Ge	98685296f7c902fe	130892
Ge-Ti_COMBINED_FITTED.webp	Ge	675194d7272a5b3e	105548
Ge-Ti_COMBINED_PREDICTED.webp	Ge	3a03d6089b6cbd43	124774
Ge-Tl_COMBINED_FITTED.webp	Ge	0a4747599fe05b0f	85684
Ge-Tl_COMBINED_PREDICTED.webp	Ge	843b419b9700c811	105320
Ge-Tm_COMBINED_FITTED.webp	Ge	3836524cec4ca4d9	114434
Ge-Tm_COMBINED_PREDICTED.webp	Ge	42807bb46ecf8ca4	132728
Ge-V_COMBINED_FITTED.webp	Ge	b8c0b2738b34f0f4	107678
Ge-V_COMBINED_PREDICTED.webp	Ge	250a7e4e30205fc2	124682
Ge-W_COMBINED_FITTED.webp	Ge	07f8b84e63af9066	55158
Ge-W_COMBINED_PREDICTED.webp	Ge	c4bb0fcc9d957dd4	113604
Ge-Y_COMBINED_FITTED.webp	Ge	46ab60d683dc5b58	112130
Ge-Y_COMBINED_PREDICTED.webp	Ge	aa0b767a9ca31da7	130200
Ge-Yb_COMBINED_FITTED.webp	Ge	c89f66ea53a8ce63	116990
Ge-Yb_COMBINED_PREDICTED.webp	Ge	99bcd993aaf3df00	130542
Ge-Zn_COMBINED_FITTED.webp	Ge	b3a7e3e0c908f3dc	88548
Ge-Zn_COMBINED_PREDICTED.webp	Ge	789dae01286abdc7	106072
Ge-Zr_COMBINED_FITTED.webp	Ge	260b4d65bb8caec8	110476
Ge-Zr_COMBINED_PREDICTED.webp	Ge	14a6ba378e0fdbae	129404
Hf-Hg_COMBINED_FITTED.webp	Hf	aa49b87f5e76b0a1	56918
Hf-Hg_COMBINED_PREDICTED.webp	Hf	2d21477bdd802328	112350
Hf-Ho_COMBINED_FITTED.webp	Hf	cda839db06e83e8b	40626
Hf-Ho_COMBINED_PREDICTED.webp	Hf	d899dd95cf63df42	93040
Hf-In_COMBINED_FITTED.webp	Hf	9457e3ffa1b42fd4	47588
Hf-In_COMBINED_PREDICTED.webp	Hf	932d8a9425682314	101266
Hf-Ir_COMBINED_FITTED.webp	Hf	9876cb3172bff033	118676
Hf-Ir_COMBINED_PREDICTED.webp	Hf	03418f93d57d2a8d	139100
Hf-La_COMBINED_FITTED.webp	Hf	53f7b9e297346578	40874
Hf-La_COMBINED_PREDICTED.webp	Hf	9d9968d2abc9916c	95386
Hf-Li_COMBINED_FITTED.webp	Hf	1daf8cd365ebd0ca	50502
Hf-Li_COMBINED_PREDICTED.webp	Hf	46b8e03c9f549805	104822
Hf-Lu_COMBINED_FITTED.webp	Hf	e79a96a3a53480e6	40280
Hf-Lu_COMBINED_PREDICTED.webp	Hf	d2aa4dc588e42fe4	95130
Hf-Mg_COMBINED_FITTED.webp	Hf	3ad51c08e22352fc	52118
Hf-Mg_COMBINED_PREDICTED.webp	Hf	37938d9532c85f98	104868
Hf-Mn_COMBINED_FITTED.webp	Hf	c08a71dd948da211	113560
Hf-Mn_COMBINED_PREDICTED.webp	Hf	4f305b4af9020356	131262
Hf-Mo_COMBINED_FITTED.webp	Hf	00c8362f3a12cb6e	66894
Hf-Mo_COMBINED_PREDICTED.webp	Hf	0c0e5f4c011e4180	126676
Hf-Na_COMBINED_FITTED.webp	Hf	89d5acd298386ad9	50894
Hf-Na_COMBINED_PREDICTED.webp	Hf	5c46378c6e2f60b6	105384
Hf-Nb_COMBINED_FITTED.webp	Hf	b7be10139b4882ad	57988
Hf-Nb_COMBINED_PREDICTED.webp	Hf	68c14719f72142f7	114742
Hf-Nd_COMBINED_FITTED.webp	Hf	e7464cbb9e84ffcd	41032
Hf-Nd_COMBINED_PREDICTED.webp	Hf	4dfdc9892e34d8c6	95700
Hf-Ni_COMBINED_FITTED.webp	Hf	8a1cbc20cd61197d	112332
Hf-Ni_COMBINED_PREDICTED.webp	Hf	0a4ef2e430b575de	132772
Hf-Os_COMBINED_FITTED.webp	Hf	8b1b16f358cc64c3	118602
Hf-Os_COMBINED_PREDICTED.webp	Hf	3c2e3b860f9a6024	135864
Hf-Pb_COMBINED_FITTED.webp	Hf	5afa973ceee21068	45632
Hf-Pb_COMBINED_PREDICTED.webp	Hf	d234b76b6cae2023	99320
Hf-Pr_COMBINED_FITTED.webp	Hf	13f5e89ba3e26162	113188
Hf-Pr_COMBINED_PREDICTED.webp	Hf	36478567b2b27a85	173040
Hf-Rb_COMBINED_FITTED.webp	Hf	679e7ba77e54a69a	51522
Hf-Rb_COMBINED_PREDICTED.webp	Hf	d2a82edf546a8966	106042
Hf-Re_COMBINED_FITTED.webp	Hf	ac564a3fef4e7f85	108360
Hf-Re_COMBINED_PREDICTED.webp	Hf	6b439d1a08c79ac9	125840
Hf-Rh_COMBINED_FITTED.webp	Hf	2b0450951df5d7ae	123090
Hf-Rh_COMBINED_PREDICTED.webp	Hf	7fe888585cdccfc9	142234
Hf-Ru_COMBINED_FITTED.webp	Hf	642f4d3712cc682b	108024
Hf-Ru_COMBINED_PREDICTED.webp	Hf	a9826ea68a896c88	128072
Hf-Sc_COMBINED_FITTED.webp	Hf	d7ee9ee55742c0fa	63278
Hf-Sc_COMBINED_PREDICTED.webp	Hf	4b46e1f525a6e425	123318
Hf-Si_COMBINED_FITTED.webp	Hf	b0dc46f3a44223b4	111262
Hf-Si_COMBINED_PREDICTED.webp	Hf	9c8a63ebd1bc4a4f	129496
Hf-Sm_COMBINED_FITTED.webp	Hf	13bf812621432c98	40784
Hf-Sm_COMBINED_PREDICTED.webp	Hf	d01184dfd0c85d05	96286
Hf-Sn_COMBINED_FITTED.webp	Hf	158128ee2b504e32	104696
Hf-Sn_COMBINED_PREDICTED.webp	Hf	9101806102996e4d	123942
Hf-Sr_COMBINED_FITTED.webp	Hf	2079bfb6e315de95	40452
Hf-Sr_COMBINED_PREDICTED.webp	Hf	e3b5f1444ab226ca	93608
Hf-Ta_COMBINED_FITTED.webp	Hf	924d9956e77ef739	57394
Hf-Ta_COMBINED_PREDICTED.webp	Hf	db13803df83958ca	116520
Hf-Tb_COMBINED_FITTED.webp	Hf	8cbb9db5beaf6cb2	40510
Hf-Tb_COMBINED_PREDICTED.webp	Hf	2607d77c57acbefa	94190
Hf-Th_COMBINED_FITTED.webp	Hf	b1ca938c8cf5eadc	96432
Hf-Th_COMBINED_PREDICTED.webp	Hf	6a6081ecc49214e0	114228
Hf-Ti_COMBINED_FITTED.webp	Hf	97f461aaeec541d0	58038
Hf-Ti_COMBINED_PREDICTED.webp	Hf	8f9cedf2fc38e40f	116780
Hf-Tl_COMBINED_FITTED.webp	Hf	cadf6fcd62361b96	40708
Hf-Tl_COMBINED_PREDICTED.webp	Hf	a07d672a3eb32b42	95954
Hf-Tm_COMBINED_FITTED.webp	Hf	f2d21889394c8d42	40446
Hf-Tm_COMBINED_PREDICTED.webp	Hf	fa558285c61bce1f	93916
Hf-V_COMBINED_FITTED.webp	Hf	44239ed78066b9f3	96302
Hf-V_COMBINED_PREDICTED.webp	Hf	c2ab64d2bb7f38ac	116676
Hf-W_COMBINED_FITTED.webp	Hf	fe566485639cf031	102818
Hf-W_COMBINED_PREDICTED.webp	Hf	fbb19c2bf4f91b1e	122348
Hf-Y_COMBINED_FITTED.webp	Hf	7e1d079a35094031	94108
Hf-Y_COMBINED_PREDICTED.webp	Hf	915467990fe32868	112310
Hf-Yb_COMBINED_FITTED.webp	Hf	3efe71eb1ef6902c	51852
Hf-Yb_COMBINED_PREDICTED.webp	Hf	9b1e9ffa5bf2aa91	110302
Hf-Zn_COMBINED_FITTED.webp	Hf	94ff6b06285391c5	50582
Hf-Zn_COMBINED_PREDICTED.webp	Hf	f914c1dae70b5288	105900
Hf-Zr_COMBINED_FITTED.webp	Hf	da14667395fe393b	57412
Hf-Zr_COMBINED_PREDICTED.webp	Hf	517f2ec89ebe870c	116330
Hg-Ho_COMBINED_FITTED.webp	Hg	ab2b07a1cb462015	116852
Hg-Ho_COMBINED_PREDICTED.webp	Hg	aaa75eeed638b633	128878
Hg-In_COMBINED_FITTED.webp	Hg	d21fa7db73b9de08	61088
Hg-In_COMBINED_PREDICTED.webp	Hg	b05cc534f9005325	123424
Hg-Ir_COMBINED_FITTED.webp	Hg	887bf0d4c5c00b9c	50932
Hg-Ir_COMBINED_PREDICTED.webp	Hg	c2a84b53cbfcbcf6	105730
Hg-La_COMBINED_FITTED.webp	Hg	b164f844c57554b7	116486
Hg-La_COMBINED_PREDICTED.webp	Hg	837d06ab3b3a4792	133474
Hg-Li_COMBINED_FITTED.webp	Hg	6fe7776aa718ec6d	65706
Hg-Li_COMBINED_PREDICTED.webp	Hg	5caba336ded68340	130212
Hg-Lu_COMBINED_FITTED.webp	Hg	ec760e643001f9e4	47490
Hg-Lu_COMBINED_PREDICTED.webp	Hg	55ab94704f504010	104678
Hg-Mg_COMBINED_FITTED.webp	Hg	9de11a3eb063bab1	109990
Hg-Mg_COMBINED_PREDICTED.webp	Hg	40ce15814b6f9c22	130342
Hg-Mn_COMBINED_FITTED.webp	Hg	a7004340c447baff	97290
Hg-Mn_COMBINED_PREDICTED.webp	Hg	d9a40d6c40fcfcb2	117632
Hg-Mo_COMBINED_FITTED.webp	Hg	1456f0c500a93d16	54328
Hg-Mo_COMBINED_PREDICTED.webp	Hg	583a570e98b27a25	108902
Hg-Na_COMBINED_FITTED.webp	Hg	2a0b37d886b9749e	114902
Hg-Na_COMBINED_PREDICTED.webp	Hg	6bcb431a11317ff5	133356
Hg-Nb_COMBINED_FITTED.webp	Hg	8af5cce7b5ebed45	50794
Hg-Nb_COMBINED_PREDICTED.webp	Hg	d803ff6fcbe97fdd	104362
Hg-Nd_COMBINED_FITTED.webp	Hg	7c3e73f8e59ef661	111418
Hg-Nd_COMBINED_PREDICTED.webp	Hg	c5cb1ceaa41d532c	131784
Hg-Ni_COMBINED_FITTED.webp	Hg	dea81e9b7bc87bc7	53954
Hg-Ni_COMBINED_PREDICTED.webp	Hg	61b83e8373a5944d	114640
Hg-Os_COMBINED_FITTED.webp	Hg	4f6dbdb58d0232b8	52304
Hg-Os_COMBINED_PREDICTED.webp	Hg	53b836cdf8070427	105542
Hg-Pb_COMBINED_FITTED.webp	Hg	2aa01e9b2dfd2123	99848
Hg-Pb_COMBINED_PREDICTED.webp	Hg	a20d3bf81255dda0	117918
Hg-Pr_COMBINED_FITTED.webp	Hg	ff7fe4e4ea62172a	113368
Hg-Pr_COMBINED_PREDICTED.webp	Hg	c096370e570d0539	131424
Hg-Rb_COMBINED_FITTED.webp	Hg	fd71cfe223ac12d1	116334
Hg-Rb_COMBINED_PREDICTED.webp	Hg	7e871ce9ebd57e01	133306
Hg-Re_COMBINED_FITTED.webp	Hg	1e36a9ce4098dbf0	50342
Hg-Re_COMBINED_PREDICTED.webp	Hg	e24ff5eef266bc56	103634
Hg-Rh_COMBINED_FITTED.webp	Hg	07944b5aec6e378f	53816
Hg-Rh_COMBINED_PREDICTED.webp	Hg	975233aff109f388	108898
Hg-Ru_COMBINED_FITTED.webp	Hg	adab1573d659e9e0	50370
Hg-Ru_COMBINED_PREDICTED.webp	Hg	2f6151d18ceff3b7	104804
Hg-Sc_COMBINED_FITTED.webp	Hg	6b80412c82b0dbea	49090
Hg-Sc_COMBINED_PREDICTED.webp	Hg	86724cffffc1fc4a	108906
Hg-Si_COMBINED_FITTED.webp	Hg	7787e081dc28406c	42060
Hg-Si_COMBINED_PREDICTED.webp	Hg	e3f0f4ab2501568c	97388
Hg-Sm_COMBINED_FITTED.webp	Hg	969a54ae09767745	66962
Hg-Sm_COMBINED_PREDICTED.webp	Hg	e81e93ec44355d93	133100
Hg-Sn_COMBINED_FITTED.webp	Hg	6f311b866c139e14	61318
Hg-Sn_COMBINED_PREDICTED.webp	Hg	ae5fd6e3bbd54abc	119900
Hg-Sr_COMBINED_FITTED.webp	Hg	7e1e7a11a9564589	119162
Hg-Sr_COMBINED_PREDICTED.webp	Hg	c3c6394bf8734235	135198
Hg-Ta_COMBINED_FITTED.webp	Hg	cf310168b53baded	41838
Hg-Ta_COMBINED_PREDICTED.webp	Hg	389a9b9c86fe1abe	96648
Hg-Tb_COMBINED_FITTED.webp	Hg	9a9b0f115dfc9865	117098
Hg-Tb_COMBINED_PREDICTED.webp	Hg	c796927ec602db86	130294
Hg-Th_COMBINED_FITTED.webp	Hg	906f5813af4773a4	59530
Hg-Th_COMBINED_PREDICTED.webp	Hg	7a20c4d42cb743f7	116652
Hg-Ti_COMBINED_FITTED.webp	Hg	f71750d59db18b9d	59310
Hg-Ti_COMBINED_PREDICTED.webp	Hg	cbf74f080aaca9f1	114330
Hg-Tl_COMBINED_FITTED.webp	Hg	79b052e14720c8ce	99306
Hg-Tl_COMBINED_PREDICTED.webp	Hg	d6e0853f1306d221	121060
Hg-Tm_COMBINED_FITTED.webp	Hg	3d6d7d124f1a5cbf	48618
Hg-Tm_COMBINED_PREDICTED.webp	Hg	8b30be13ac2607bb	106202
Hg-V_COMBINED_FITTED.webp	Hg	2c5f22f15375a843	89676
Hg-V_COMBINED_PREDICTED.webp	Hg	dee7a217a60b225d	110830
Hg-W_COMBINED_FITTED.webp	Hg	bb4f39c09f190ca6	42114
Hg-W_COMBINED_PREDICTED.webp	Hg	026cd277d60336b0	94676
Hg-Y_COMBINED_FITTED.webp	Hg	3a5040774c8e4b52	116930
Hg-Y_COMBINED_PREDICTED.webp	Hg	2e89851bb87883db	131354
Hg-Yb_COMBINED_FITTED.webp	Hg	8d1e0265e166020a	71346
Hg-Yb_COMBINED_PREDICTED.webp	Hg	e5a99e7112bc642f	136506
Hg-Zn_COMBINED_FITTED.webp	Hg	6af76f6c21021150	62168
Hg-Zn_COMBINED_PREDICTED.webp	Hg	394e420df41ae9b4	118684
Hg-Zr_COMBINED_FITTED.webp	Hg	a64c0a5e59abc64d	62732
Hg-Zr_COMBINED_PREDICTED.webp	Hg	210b3b0c3ed17314	119006
Ho-In_COMBINED_FITTED.webp	Ho	d83d2de763917721	110452
Ho-In_COMBINED_PREDICTED.webp	Ho	340cb7553ef91c23	131314
Ho-Ir_COMBINED_FITTED.webp	Ho	5dcc1271f7132b08	115642
Ho-Ir_COMBINED_PREDICTED.webp	Ho	7d54a29cc61611b4	129240
Ho-La_COMBINED_FITTED.webp	Ho	8836250879a3ae90	64172
Ho-La_COMBINED_PREDICTED.webp	Ho	5d90ea58593214d4	121326
Ho-Li_COMBINED_FITTED.webp	Ho	daba9d81b059a690	90138
Ho-Li_COMBINED_PREDICTED.webp	Ho	6a01c84f64ad16fd	111136
Ho-Lu_COMBINED_FITTED.webp	Ho	f3103cbc76a2cbdd	51884
Ho-Lu_COMBINED_PREDICTED.webp	Ho	f27c3078003de52d	108470
Ho-Mg_COMBINED_FITTED.webp	Ho	087423e1b6455758	107198
Ho-Mg_COMBINED_PREDICTED.webp	Ho	bc20ece384b5974e	125706
Ho-Mn_COMBINED_FITTED.webp	Ho	24ae9ceb31a763ff	62354
Ho-Mn_COMBINED_PREDICTED.webp	Ho	fb56ffeb9637fa11	121740
Ho-Mo_COMBINED_FITTED.webp	Ho	c55256b156dfa74a	87504
Ho-Mo_COMBINED_PREDICTED.webp	Ho	d906f1af9b139c65	110674
Ho-Na_COMBINED_FITTED.webp	Ho	975ab46821c3c068	42534
Ho-Na_COMBINED_PREDICTED.webp	Ho	7d50f83058ebc1c6	95482
Ho-Nb_COMBINED_FITTED.webp	Ho	0ea55537ddce15fb	40694
Ho-Nb_COMBINED_PREDICTED.webp	Ho	8db9d2cb0dacd69b	95634
Ho-Nd_COMBINED_FITTED.webp	Ho	764758fee2856a36	58216
Ho-Nd_COMBINED_PREDICTED.webp	Ho	86c9b168146eed98	115748
Ho-Ni_COMBINED_FITTED.webp	Ho	7d26bd7b66623e65	111118
Ho-Ni_COMBINED_PREDICTED.webp	Ho	ff3ad5801abc22a7	132348
Ho-Os_COMBINED_FITTED.webp	Ho	6d31abe0fabc608a	47780
Ho-Os_COMBINED_PREDICTED.webp	Ho	a7e07c7312403f2b	105374
Ho-Pb_COMBINED_FITTED.webp	Ho	9776b03abdee5b40	49044
Ho-Pb_COMBINED_PREDICTED.webp	Ho	043f61889d4cfdc0	109596
Ho-Pr_COMBINED_FITTED.webp	Ho	ddf4f4daf49bcac6	64216
Ho-Pr_COMBINED_PREDICTED.webp	Ho	d5dd4d05992f9015	120026
Ho-Rb_COMBINED_FITTED.webp	Ho	8b7b6f341493ce91	41320
Ho-Rb_COMBINED_PREDICTED.webp	Ho	d99d5d249941af57	96394
Ho-Re_COMBINED_FITTED.webp	Ho	4d42d3fa1ad8dd68	48402
Ho-Re_COMBINED_PREDICTED.webp	Ho	cc8a72aeebcf19d4	102868
Ho-Rh_COMBINED_FITTED.webp	Ho	7faff3725934af6d	113096
Ho-Rh_COMBINED_PREDICTED.webp	Ho	665cd0afcb5f6045	132344
Ho-Ru_COMBINED_FITTED.webp	Ho	597b5f811e973b10	103410
Ho-Ru_COMBINED_PREDICTED.webp	Ho	3295d36b428d7dc6	127336
Ho-Sc_COMBINED_FITTED.webp	Ho	19d8dcb92aedb903	54578
Ho-Sc_COMBINED_PREDICTED.webp	Ho	cc13dd76e56ea64e	112710
Ho-Si_COMBINED_FITTED.webp	Ho	e5da30515f8dcb2e	113050
Ho-Si_COMBINED_PREDICTED.webp	Ho	ed90bd1b6213de6b	131502
Ho-Sm_COMBINED_FITTED.webp	Ho	5f06f171fa722bea	61586
Ho-Sm_COMBINED_PREDICTED.webp	Ho	063583acbee8cb90	119078
Ho-Sn_COMBINED_FITTED.webp	Ho	70532221ae4f7ff7	113286
Ho-Sn_COMBINED_PREDICTED.webp	Ho	275b70f8b51392a0	128954
Ho-Sr_COMBINED_FITTED.webp	Ho	90fde128284d31fe	42504
Ho-Sr_COMBINED_PREDICTED.webp	Ho	28656e4b0144889f	95078
Ho-Ta_COMBINED_FITTED.webp	Ho	63ebdcf5ed57c623	113602
Ho-Ta_COMBINED_PREDICTED.webp	Ho	3dba33d48c3b4871	173284
Ho-Tb_COMBINED_FITTED.webp	Ho	293cc8e14a4dc0d6	56356
Ho-Tb_COMBINED_PREDICTED.webp	Ho	73f7a2f7ae61637b	115352
Ho-Th_COMBINED_FITTED.webp	Ho	18635f0a75a4dedc	60058
Ho-Th_COMBINED_PREDICTED.webp	Ho	d51afde3bb586462	121346
Ho-Ti_COMBINED_FITTED.webp	Ho	307f939c9942c43c	40796
Ho-Ti_COMBINED_PREDICTED.webp	Ho	8d342ffc833834af	94904
Ho-Tl_COMBINED_FITTED.webp	Ho	d0d95347259f469e	108258
Ho-Tl_COMBINED_PREDICTED.webp	Ho	4ba9580b44550979	126542
Ho-Tm_COMBINED_FITTED.webp	Ho	068d90901b66c047	52460
Ho-Tm_COMBINED_PREDICTED.webp	Ho	3c069b6fa5228a87	110180
Ho-V_COMBINED_FITTED.webp	Ho	a4a489869923fad7	93902
Ho-V_COMBINED_PREDICTED.webp	Ho	e1983e263720b531	109870
Ho-W_COMBINED_FITTED.webp	Ho	035f675421bbdace	114114
Ho-W_COMBINED_PREDICTED.webp	Ho	5d5defa1e2b5b297	171732
Ho-Y_COMBINED_FITTED.webp	Ho	7f9e6fb378050339	57468
Ho-Y_COMBINED_PREDICTED.webp	Ho	cd0ddb602e13e727	115832
Ho-Yb_COMBINED_FITTED.webp	Ho	7fb53726d1c2b6d3	55076
Ho-Yb_COMBINED_PREDICTED.webp	Ho	f800cc4ba02fbcef	110872
Ho-Zn_COMBINED_FITTED.webp	Ho	7c5b4c34cad07eaf	109138
Ho-Zn_COMBINED_PREDICTED.webp	Ho	e2eed97c6d9cd45d	128734
Ho-Zr_COMBINED_FITTED.webp	Ho	111f87f93daa89b3	58280
Ho-Zr_COMBINED_PREDICTED.webp	Ho	6638929180bae3a0	113712
In-Ir_COMBINED_FITTED.webp	In	02774f4f0cbc509b	102674
In-Ir_COMBINED_PREDICTED.webp	In	86e8260c15cab8b2	122892
In-La_COMBINED_FITTED.webp	In	a8d71ed6c2c6b6cf	113456
In-La_COMBINED_PREDICTED.webp	In	ec9638f131737878	133234
In-Li_COMBINED_FITTED.webp	In	0c71a4b5a0b403af	114982
In-Li_COMBINED_PREDICTED.webp	In	bd810a0c8c30208a	133272
In-Lu_COMBINED_FITTED.webp	In	0ec7a0cd010b6d9d	108224
In-Lu_COMBINED_PREDICTED.webp	In	623bb43a1132f096	131196
In-Mg_COMBINED_FITTED.webp	In	401d5bbd1d4f7453	74722
In-Mg_COMBINED_PREDICTED.webp	In	297f6175c6d474fb	133550
In-Mn_COMBINED_FITTED.webp	In	228270e2db17fa49	58680
In-Mn_COMBINED_PREDICTED.webp	In	17934e014b180429	117034
In-Mo_COMBINED_FITTED.webp	In	c4e9d9d42c317a85	52788
In-Mo_COMBINED_PREDICTED.webp	In	15348dc2fc78c125	107820
In-Na_COMBINED_FITTED.webp	In	8fdd992084900827	106450
In-Na_COMBINED_PREDICTED.webp	In	f9562d165d09163f	124224
In-Nb_COMBINED_FITTED.webp	In	7125ebbe793cc609	92084
In-Nb_COMBINED_PREDICTED.webp	In	f329a819a48b06a1	114852
In-Nd_COMBINED_FITTED.webp	In	2e9dc56d048a2674	107738
In-Nd_COMBINED_PREDICTED.webp	In	c34f6d9561e3bb29	132842
In-Ni_COMBINED_FITTED.webp	In	4d91088d4163621b	109186
In-Ni_COMBINED_PREDICTED.webp	In	a4b476f5c65c52f8	129550
In-Os_COMBINED_FITTED.webp	In	a2147911598f1edc	42120
In-Os_COMBINED_PREDICTED.webp	In	c2e9d4e7f5a92310	93386
In-Pb_COMBINED_FITTED.webp	In	ae20e34bfbecaa1f	63986
In-Pb_COMBINED_PREDICTED.webp	In	464d0ad2accc4cec	121512
In-Pr_COMBINED_FITTED.webp	In	c1382ebd30b100e2	114980
In-Pr_COMBINED_PREDICTED.webp	In	e6b6e0e87a8b8176	133114
In-Rb_COMBINED_FITTED.webp	In	cce735f0081ee5c8	103556
In-Rb_COMBINED_PREDICTED.webp	In	be128a983b315f4d	124562
In-Re_COMBINED_FITTED.webp	In	212e4c241fc64c7e	41514
In-Re_COMBINED_PREDICTED.webp	In	59030aea37c5e2e9	96234
In-Rh_COMBINED_FITTED.webp	In	f73f1a1660caa91b	48132
In-Rh_COMBINED_PREDICTED.webp	In	bb0513b42923ab75	106350
In-Ru_COMBINED_FITTED.webp	In	8080bcdce8323203	47514
In-Ru_COMBINED_PREDICTED.webp	In	c86828e323faf232	102508
In-Sc_COMBINED_FITTED.webp	In	d40b03ba36d05e1e	115654
In-Sc_COMBINED_PREDICTED.webp	In	216686b4ccd8c608	130622
In-Si_COMBINED_FITTED.webp	In	deaf479d6b43d4b4	89004
In-Si_COMBINED_PREDICTED.webp	In	7b764e81c3e020c0	108326
In-Sm_COMBINED_FITTED.webp	In	10eca2b63ffa27c3	116840
In-Sm_COMBINED_PREDICTED.webp	In	cbd72126fc9e807b	135066
In-Sn_COMBINED_FITTED.webp	In	82fabf5f91b09abd	62800
In-Sn_COMBINED_PREDICTED.webp	In	8ad228b2b262f3c8	120142
In-Sr_COMBINED_FITTED.webp	In	2c374fb72aee9e88	113394
In-Sr_COMBINED_PREDICTED.webp	In	1e6c0ec17af8d06a	132314
In-Ta_COMBINED_FITTED.webp	In	a97f2a71afebef72	51982
In-Ta_COMBINED_PREDICTED.webp	In	430015d307dbac0a	104004
In-Tb_COMBINED_FITTED.webp	In	1e9cacb305dc4a78	113064
In-Tb_COMBINED_PREDICTED.webp	In	d4c0381c84142756	131266
In-Th_COMBINED_FITTED.webp	In	c6bf74678ebb3075	103962
In-Th_COMBINED_PREDICTED.webp	In	c6f5c651a14d614b	128344
In-Ti_COMBINED_FITTED.webp	In	904eae691d45fc34	66678
In-Ti_COMBINED_PREDICTED.webp	In	edc8466f5b991468	127536
In-Tl_COMBINED_FITTED.webp	In	989597329c469ae7	62582
In-Tl_COMBINED_PREDICTED.webp	In	cdcf4df8af5faa0d	118580
In-Tm_COMBINED_FITTED.webp	In	147eb27ec1af526f	112896
In-Tm_COMBINED_PREDICTED.webp	In	2a029d1cea0f56f5	131250
In-V_COMBINED_FITTED.webp	In	e9768d4fc6ad18b5	92148
In-V_COMBINED_PREDICTED.webp	In	212eae63fa45da2d	110166
In-W_COMBINED_FITTED.webp	In	7205850a6645c39c	41424
In-W_COMBINED_PREDICTED.webp	In	b9270b5a17237abb	96928
In-Y_COMBINED_FITTED.webp	In	fa311b526dde70fa	111492
In-Y_COMBINED_PREDICTED.webp	In	e6bef2a81e1e53fa	131450
In-Yb_COMBINED_FITTED.webp	In	733d0bd7be7f7466	113480
In-Yb_COMBINED_PREDICTED.webp	In	8098b4fa0a7d9700	130364
In-Zn_COMBINED_FITTED.webp	In	2ed18586aadba2a8	89672
In-Zn_COMBINED_PREDICTED.webp	In	6a3d144efeae5891	113444
In-Zr_COMBINED_FITTED.webp	In	feb6225810dff003	79760
In-Zr_COMBINED_PREDICTED.webp	In	7491c8688c73beac	137428
Ir-La_COMBINED_FITTED.webp	Ir	34e001a087e18a90	113690
Ir-La_COMBINED_PREDICTED.webp	Ir	1ee0c7419e153cb0	133622
Ir-Li_COMBINED_FITTED.webp	Ir	09603f3f6feedab8	98242
Ir-Li_COMBINED_PREDICTED.webp	Ir	3ed4e9e269f0e5be	117890
Ir-Lu_COMBINED_FITTED.webp	Ir	6d265c73dd51c718	109478
Ir-Lu_COMBINED_PREDICTED.webp	Ir	fb62790964ab9d7d	128600
Ir-Mg_COMBINED_FITTED.webp	Ir	de9c53be498ddd02	103400
Ir-Mg_COMBINED_PREDICTED.webp	Ir	dee0b0a4edbf7aa4	164358
Ir-Mn_COMBINED_FITTED.webp	Ir	8e46cf60fff42132	69894
Ir-Mn_COMBINED_PREDICTED.webp	Ir	5620d05e1757c12f	129950
Ir-Mo_COMBINED_FITTED.webp	Ir	27710385c06bb7b9	69990
Ir-Mo_COMBINED_PREDICTED.webp	Ir	2c81ecb48bcc8e64	129974
Ir-Na_COMBINED_FITTED.webp	Ir	e1d7134e4c232331	42222
Ir-Na_COMBINED_PREDICTED.webp	Ir	d8377c7c8a305608	95800
Ir-Nb_COMBINED_FITTED.webp	Ir	030c2f3ebd7f9359	119708
Ir-Nb_COMBINED_PREDICTED.webp	Ir	f0d1936f04ff4c65	135080
Ir-Nd_COMBINED_FITTED.webp	Ir	58664353a0c60c70	111544
Ir-Nd_COMBINED_PREDICTED.webp	Ir	7e11da241ab59b30	128574
Ir-Ni_COMBINED_FITTED.webp	Ir	c0c17ef7afb08892	57914
Ir-Ni_COMBINED_PREDICTED.webp	Ir	dc94c2e8191fb0b8	115784
Ir-Os_COMBINED_FITTED.webp	Ir	9dfb531c87acfa78	54724
Ir-Os_COMBINED_PREDICTED.webp	Ir	ba45d5f374087ceb	112852
Ir-Pb_COMBINED_FITTED.webp	Ir	f0752fb7b440b297	41904
Ir-Pb_COMBINED_PREDICTED.webp	Ir	2a08842fcdcfbe73	94672
Ir-Pr_COMBINED_FITTED.webp	Ir	6832dbe5b82289b4	109630
Ir-Pr_COMBINED_PREDICTED.webp	Ir	55578e792a23c349	126590
Ir-Rb_COMBINED_FITTED.webp	Ir	997066d381dedb61	41044
Ir-Rb_COMBINED_PREDICTED.webp	Ir	ab3f7be645624278	95584
Ir-Re_COMBINED_FITTED.webp	Ir	fff280530cd34971	63232
Ir-Re_COMBINED_PREDICTED.webp	Ir	45966faa5000d3df	123584
Ir-Rh_COMBINED_FITTED.webp	Ir	0fb5dde3f44f99b8	60094
Ir-Rh_COMBINED_PREDICTED.webp	Ir	3dcfb91076c4b875	117062
Ir-Ru_COMBINED_FITTED.webp	Ir	ba1d5f22cf8f6024	60998
Ir-Ru_COMBINED_PREDICTED.webp	Ir	95264b894606166a	118616
Ir-Sc_COMBINED_FITTED.webp	Ir	19ce882965f7c9ca	122446
Ir-Sc_COMBINED_PREDICTED.webp	Ir	9da5bf958b5a774d	138386
Ir-Si_COMBINED_FITTED.webp	Ir	018195f6483063c6	96628
Ir-Si_COMBINED_PREDICTED.webp	Ir	597fdcd104f95665	156402
Ir-Sm_COMBINED_FITTED.webp	Ir	56878b393b14f264	107242
Ir-Sm_COMBINED_PREDICTED.webp	Ir	7bbd8cfb89d6b0a2	127852
Ir-Sn_COMBINED_FITTED.webp	Ir	692286277beac1e8	50252
Ir-Sn_COMBINED_PREDICTED.webp	Ir	a83daf7d273de5f3	103758
Ir-Sr_COMBINED_FITTED.webp	Ir	01897e42eb3d6f2a	48800
Ir-Sr_COMBINED_PREDICTED.webp	Ir	0ee16d11db078730	103448
Ir-Ta_COMBINED_FITTED.webp	Ir	a0c1692278aaa889	70566
Ir-Ta_COMBINED_PREDICTED.webp	Ir	56922c08e646e00e	133904
Ir-Tb_COMBINED_FITTED.webp	Ir	548e43b76aa1081c	112592
Ir-Tb_COMBINED_PREDICTED.webp	Ir	4745f3aed10b7e48	127938
Ir-Th_COMBINED_FITTED.webp	Ir	cd29fc03481fbe00	116588
Ir-Th_COMBINED_PREDICTED.webp	Ir	dbd694e62d97aad0	133600
Ir-Ti_COMBINED_FITTED.webp	Ir	f83daf92fe0665fc	111008
Ir-Ti_COMBINED_PREDICTED.webp	Ir	4ed97cddc46ec22e	130364
Ir-Tl_COMBINED_FITTED.webp	Ir	0074690bfebeb6dc	40984
Ir-Tl_COMBINED_PREDICTED.webp	Ir	189758783c8658ea	94548
Ir-Tm_COMBINED_FITTED.webp	Ir	6e1272990e2851ea	110354
Ir-Tm_COMBINED_PREDICTED.webp	Ir	35c9d912dada067f	128952
Ir-V_COMBINED_FITTED.webp	Ir	4236c508e05515f7	110840
Ir-V_COMBINED_PREDICTED.webp	Ir	3caea00e798b1f1e	128070
Ir-W_COMBINED_FITTED.webp	Ir	4fc63c9320928563	65062
Ir-W_COMBINED_PREDICTED.webp	Ir	c120ce282a7c22b0	124840
Ir-Y_COMBINED_FITTED.webp	Ir	c56121a89fc3bf2a	112206
Ir-Y_COMBINED_PREDICTED.webp	Ir	c0ccd580872dbd95	128228
Ir-Yb_COMBINED_FITTED.webp	Ir	7cd009ea55835e20	69690
Ir-Yb_COMBINED_PREDICTED.webp	Ir	94bb63efccfc3224	130220
Ir-Zn_COMBINED_FITTED.webp	Ir	663e390affc83905	49330
Ir-Zn_COMBINED_PREDICTED.webp	Ir	85bbc5064e298556	103036
Ir-Zr_COMBINED_FITTED.webp	Ir	9c8e42275d035694	114248
Ir-Zr_COMBINED_PREDICTED.webp	Ir	d9c9564d04244627	136148
La-Li_COMBINED_FITTED.webp	La	1bc6e5dbd2a5e046	91162
La-Li_COMBINED_PREDICTED.webp	La	a7ceb2c364cdcc61	111668
La-Lu_COMBINED_FITTED.webp	La	ab5fde990e75d0d5	62572
La-Lu_COMBINED_PREDICTED.webp	La	72c9426638a32285	121094
La-Mg_COMBINED_FITTED.webp	La	cf6489b621d453f8	112328
La-Mg_COMBINED_PREDICTED.webp	La	6eeac6a0dd416e08	133470
La-Mn_COMBINED_FITTED.webp	La	028b9ff0d5f61753	99550
La-Mn_COMBINED_PREDICTED.webp	La	f2c8d07b50631ae8	115388
La-Mo_COMBINED_FITTED.webp	La	66ae893896d4dced	97976
La-Mo_COMBINED_PREDICTED.webp	La	19f142a93dd78db0	115858
La-Na_COMBINED_FITTED.webp	La	1d5966fcbbd3e4e1	40936
La-Na_COMBINED_PREDICTED.webp	La	e7b15f51f3d6159a	96564
La-Nb_COMBINED_FITTED.webp	La	ade64aedc282beaf	52724
La-Nb_COMBINED_PREDICTED.webp	La	4efc86434f3320f8	111922
La-Nd_COMBINED_FITTED.webp	La	d9a4990b1aab8ef8	56496
La-Nd_COMBINED_PREDICTED.webp	La	6c4280a148c35464	114712
La-Ni_COMBINED_FITTED.webp	La	a01baa90212de981	113860
La-Ni_COMBINED_PREDICTED.webp	La	89f23a737ab42081	131174
La-Os_COMBINED_FITTED.webp	La	7eb1eca6b0c6e64d	47616
La-Os_COMBINED_PREDICTED.webp	La	989a12df569944d6	103698
La-Pb_COMBINED_FITTED.webp	La	ce024aa6746ba81f	115190
La-Pb_COMBINED_PREDICTED.webp	La	8e46a1e47cf454a2	130256
La-Pr_COMBINED_FITTED.webp	La	108ffd97dcd16eee	56936
La-Pr_COMBINED_PREDICTED.webp	La	8c0bfcc901153c41	115830
La-Rb_COMBINED_FITTED.webp	La	a7e5dffa02a11e82	41116
La-Rb_COMBINED_PREDICTED.webp	La	99f1f1575fcc239a	94988
La-Re_COMBINED_FITTED.webp	La	13005aa064831ad9	51714
La-Re_COMBINED_PREDICTED.webp	La	e42ae90239322504	109824
La-Rh_COMBINED_FITTED.webp	La	d4ba5544128e523c	117464
La-Rh_COMBINED_PREDICTED.webp	La	07823d851a875f13	135020
La-Ru_COMBINED_FITTED.webp	La	f9107665ea48505a	109294
La-Ru_COMBINED_PREDICTED.webp	La	f703086bc89aee6a	126608
La-Sc_COMBINED_FITTED.webp	La	0da25d4436eb83a9	61680
La-Sc_COMBINED_PREDICTED.webp	La	18dc185c752e5424	120490
La-Si_COMBINED_FITTED.webp	La	b3fcd6e0b354e03f	114768
La-Si_COMBINED_PREDICTED.webp	La	265b0daf00d71b9b	130954
La-Sm_COMBINED_FITTED.webp	La	879cebe83f1f8708	58462
La-Sm_COMBINED_PREDICTED.webp	La	059c2f3da49dd7a7	117374
La-Sn_COMBINED_FITTED.webp	La	0cd30701538fb133	119042
La-Sn_COMBINED_PREDICTED.webp	La	f5a3d7aff05292ee	135516
La-Sr_COMBINED_FITTED.webp	La	35c4d7c1a932f9b8	42594
La-Sr_COMBINED_PREDICTED.webp	La	0d9752476cc74e61	97534
La-Ta_COMBINED_FITTED.webp	La	64b50875c661cf53	50894
La-Ta_COMBINED_PREDICTED.webp	La	801924cf63402831	106846
La-Tb_COMBINED_FITTED.webp	La	6fbd83871f8626eb	66472
La-Tb_COMBINED_PREDICTED.webp	La	14e29cc2da9bf607	125178
La-Th_COMBINED_FITTED.webp	La	70144570a2dd6aec	57574
La-Th_COMBINED_PREDICTED.webp	La	5e64b54c36f5afc1	117908
La-Ti_COMBINED_FITTED.webp	La	a20f0d6c69b2d0d0	92866
La-Ti_COMBINED_PREDICTED.webp	La	b569f977b54bbd3e	113502
La-Tl_COMBINED_FITTED.webp	La	450b0747fa516289	109964
La-Tl_COMBINED_PREDICTED.webp	La	6a4de2689cb42ff3	130982
La-Tm_COMBINED_FITTED.webp	La	6183a396f663f1b3	65000
La-Tm_COMBINED_PREDICTED.webp	La	6f5ae43c580a3a19	121402
La-V_COMBINED_FITTED.webp	La	50836518d2765ba4	52956
La-V_COMBINED_PREDICTED.webp	La	c6b3d1de50256c6f	109732
La-W_COMBINED_FITTED.webp	La	dae2df7bd359d3d8	54328
La-W_COMBINED_PREDICTED.webp	La	3c8bfd75541892bd	110656
La-Y_COMBINED_FITTED.webp	La	ff5360c5f9e648a4	64684
La-Y_COMBINED_PREDICTED.webp	La	3d6725738f780de6	123464
La-Yb_COMBINED_FITTED.webp	La	804915b2808db64f	55944
La-Yb_COMBINED_PREDICTED.webp	La	e8dd977f187b7ef0	111412
La-Zn_COMBINED_FITTED.webp	La	471b89c661bd118e	117004
La-Zn_COMBINED_PREDICTED.webp	La	fb29a2c215a42a67	130548
La-Zr_COMBINED_FITTED.webp	La	cef60b90a4f1a46f	40536
La-Zr_COMBINED_PREDICTED.webp	La	1112f98ab4e091b5	95464
Li-Lu_COMBINED_FITTED.webp	Li	5351c686b3559401	88494
Li-Lu_COMBINED_PREDICTED.webp	Li	c490f5425299aca9	110784
Li-Mg_COMBINED_FITTED.webp	Li	94be228210f0c078	66458
Li-Mg_COMBINED_PREDICTED.webp	Li	14f28fd699d7f778	126382
Li-Mn_COMBINED_FITTED.webp	Li	a27ea4891919714e	53416
Li-Mn_COMBINED_PREDICTED.webp	Li	6ee54c8871e1c5e6	108002
Li-Mo_COMBINED_FITTED.webp	Li	9c99e9a59d09d66a	56608
Li-Mo_COMBINED_PREDICTED.webp	Li	90deaf77aebdb93f	111200
Li-Na_COMBINED_FITTED.webp	Li	105605aff596505f	54064
Li-Na_COMBINED_PREDICTED.webp	Li	cde46832abbca685	110710
Li-Nb_COMBINED_FITTED.webp	Li	f99a3d37aaa1142f	52490
Li-Nb_COMBINED_PREDICTED.webp	Li	4f650d72c103866f	108318
Li-Nd_COMBINED_FITTED.webp	Li	ddec4580353c18c0	56548
Li-Nd_COMBINED_PREDICTED.webp	Li	94950439f39863e4	115880
Li-Ni_COMBINED_FITTED.webp	Li	16c26b147bf693a5	53002
Li-Ni_COMBINED_PREDICTED.webp	Li	0f2363a9566cb663	110306
Li-Os_COMBINED_FITTED.webp	Li	e256a2baa66c91c7	42024
Li-Os_COMBINED_PREDICTED.webp	Li	0e21d4b0098c6f5b	95880
Li-Pb_COMBINED_FITTED.webp	Li	d4406dda29478e24	105786
Li-Pb_COMBINED_PREDICTED.webp	Li	984c167087634311	126496
Li-Pr_COMBINED_FITTED.webp	Li	0093e07cae45c074	95898
Li-Pr_COMBINED_PREDICTED.webp	Li	9fed73393173fdb1	113586
Li-Rb_COMBINED_FITTED.webp	Li	19d2cb620ad69f15	53286
Li-Rb_COMBINED_PREDICTED.webp	Li	f52549d39edfdca0	108198
Li-Re_COMBINED_FITTED.webp	Li	bdb542c015ca2bd4	41374
Li-Re_COMBINED_PREDICTED.webp	Li	404d66877f9890d1	96134
Li-Rh_COMBINED_FITTED.webp	Li	7e0802fd00cb587b	100962
Li-Rh_COMBINED_PREDICTED.webp	Li	50346ab5a29733ef	121662
Li-Ru_COMBINED_FITTED.webp	Li	cbfdca57150d16c2	41536
Li-Ru_COMBINED_PREDICTED.webp	Li	d57792b05216f16f	95068
Li-Sc_COMBINED_FITTED.webp	Li	f5d6463208965765	42346
Li-Sc_COMBINED_PREDICTED.webp	Li	88684f2a76d343f8	93948
Li-Si_COMBINED_FITTED.webp	Li	16f4fe52d5673e7f	105894
Li-Si_COMBINED_PREDICTED.webp	Li	1e77774bbf539be2	120420
Li-Sm_COMBINED_FITTED.webp	Li	ec20e7e4c33de82f	52956
Li-Sm_COMBINED_PREDICTED.webp	Li	6ff724a0222fe869	114306
Li-Sn_COMBINED_FITTED.webp	Li	cb89596aa168db71	113268
Li-Sn_COMBINED_PREDICTED.webp	Li	7d3d7f33d43761cc	128916
Li-Sr_COMBINED_FITTED.webp	Li	aaf4a4e8c4f327df	58066
Li-Sr_COMBINED_PREDICTED.webp	Li	e56aea37f76a74f4	115476
Li-Ta_COMBINED_FITTED.webp	Li	18be715644ade364	52698
Li-Ta_COMBINED_PREDICTED.webp	Li	0773cb8a5be2db90	104360
Li-Tb_COMBINED_FITTED.webp	Li	79fefea99fc26ff5	96356
Li-Tb_COMBINED_PREDICTED.webp	Li	43fc188579adca9b	115546
Li-Th_COMBINED_FITTED.webp	Li	8cf1cf53be4c0c6a	40400
Li-Th_COMBINED_PREDICTED.webp	Li	a36058955bd757da	95312
Li-Ti_COMBINED_FITTED.webp	Li	3486981a958bb99c	51474
Li-Ti_COMBINED_PREDICTED.webp	Li	036dcc64f5095142	105540
Li-Tl_COMBINED_FITTED.webp	Li	fa6329230701524f	104980
Li-Tl_COMBINED_PREDICTED.webp	Li	4af1ca5e74a784af	126894
Li-Tm_COMBINED_FITTED.webp	Li	576fe234f9105c17	90766
Li-Tm_COMBINED_PREDICTED.webp	Li	64c9d012de4833a8	113220
Li-V_COMBINED_FITTED.webp	Li	5ebf23d6c5ae36db	54486
Li-V_COMBINED_PREDICTED.webp	Li	c09dc81d8ba52ff0	105926
Li-W_COMBINED_FITTED.webp	Li	25b53d07cd686abe	41302
Li-W_COMBINED_PREDICTED.webp	Li	8785f06ef20b8e55	96634
Li-Y_COMBINED_FITTED.webp	Li	7da055288dc56818	89360
Li-Y_COMBINED_PREDICTED.webp	Li	1c855b2b04b74cc2	111316
Li-Yb_COMBINED_FITTED.webp	Li	419f12dd2f40ca9e	41952
Li-Yb_COMBINED_PREDICTED.webp	Li	d373b990c5c4f85d	95068
Li-Zn_COMBINED_FITTED.webp	Li	01d9007b12b883d2	113458
Li-Zn_COMBINED_PREDICTED.webp	Li	0f98c46cc86fc6f2	131454
Li-Zr_COMBINED_FITTED.webp	Li	7d70729aa7ccdcdf	52646
Li-Zr_COMBINED_PREDICTED.webp	Li	ad2e4cb8bbb838cb	107802
Lu-Mg_COMBINED_FITTED.webp	Lu	890f5376643615f3	105080
Lu-Mg_COMBINED_PREDICTED.webp	Lu	7cc1b83378bf37a6	127186
Lu-Mn_COMBINED_FITTED.webp	Lu	eba5ffba426e6f48	97452
Lu-Mn_COMBINED_PREDICTED.webp	Lu	512eb68dc401274e	122166
Lu-Mo_COMBINED_FITTED.webp	Lu	44ce25ade4e47690	92152
Lu-Mo_COMBINED_PREDICTED.webp	Lu	6f1593006618c928	109228
Lu-Na_COMBINED_FITTED.webp	Lu	9e0a44364fd5f981	42222
Lu-Na_COMBINED_PREDICTED.webp	Lu	e8f672ea4fc689b7	95644
Lu-Nb_COMBINED_FITTED.webp	Lu	f03d84f9ec49ca1e	87670
Lu-Nb_COMBINED_PREDICTED.webp	Lu	596842b0d60ed984	109536
Lu-Nd_COMBINED_FITTED.webp	Lu	c0d9199c21e0ab45	60276
Lu-Nd_COMBINED_PREDICTED.webp	Lu	e777d5822f3d6693	115370
Lu-Ni_COMBINED_FITTED.webp	Lu	2eab6b3dbbe46be4	60186
Lu-Ni_COMBINED_PREDICTED.webp	Lu	664a2f18f70b11ad	121278
Lu-Os_COMBINED_FITTED.webp	Lu	faf49bb474a077a3	47984
Lu-Os_COMBINED_PREDICTED.webp	Lu	dae58656e916de04	106168
Lu-Pb_COMBINED_FITTED.webp	Lu	dfdc13606e82b140	109284
Lu-Pb_COMBINED_PREDICTED.webp	Lu	9402e38d76abe54f	126276
Lu-Pr_COMBINED_FITTED.webp	Lu	0d37a6b3344e8902	58352
Lu-Pr_COMBINED_PREDICTED.webp	Lu	ea6a8870482c22a6	114680
Lu-Rb_COMBINED_FITTED.webp	Lu	e7049f306a66bff9	41076
Lu-Rb_COMBINED_PREDICTED.webp	Lu	95850689c897eee0	94668
Lu-Re_COMBINED_FITTED.webp	Lu	5ede551a93d86971	46640
Lu-Re_COMBINED_PREDICTED.webp	Lu	06cc6807b61fd8a7	105046
Lu-Rh_COMBINED_FITTED.webp	Lu	e7ea2fda399b6a88	66880
Lu-Rh_COMBINED_PREDICTED.webp	Lu	c82890c383b0057c	132108
Lu-Ru_COMBINED_FITTED.webp	Lu	973f45e0167c4dcf	104298
Lu-Ru_COMBINED_PREDICTED.webp	Lu	bc7d8e9b341c89a7	127114
Lu-Sc_COMBINED_FITTED.webp	Lu	c2280f6400a4a1d9	42496
Lu-Sc_COMBINED_PREDICTED.webp	Lu	87185329e68d8c94	96510
Lu-Si_COMBINED_FITTED.webp	Lu	37f5acb1e6f044c4	68310
Lu-Si_COMBINED_PREDICTED.webp	Lu	d528abfbb7fc5802	127172
Lu-Sm_COMBINED_FITTED.webp	Lu	3cfc7cb352fce3c6	59180
Lu-Sm_COMBINED_PREDICTED.webp	Lu	cf14d75f8b2d3c33	116596
Lu-Sn_COMBINED_FITTED.webp	Lu	8cb8fd9fb69544ee	104372
Lu-Sn_COMBINED_PREDICTED.webp	Lu	2593e767245486ff	120840
Lu-Sr_COMBINED_FITTED.webp	Lu	05d3a22e6c3212ff	42406
Lu-Sr_COMBINED_PREDICTED.webp	Lu	6cca09fa12cb4453	95502
Lu-Ta_COMBINED_FITTED.webp	Lu	ebc75828d331a447	92826
Lu-Ta_COMBINED_PREDICTED.webp	Lu	d8e39d8beea40d35	113070
Lu-Tb_COMBINED_FITTED.webp	Lu	011f1d239c1cfc96	52898
Lu-Tb_COMBINED_PREDICTED.webp	Lu	b7734119a59aa2d8	110708
Lu-Th_COMBINED_FITTED.webp	Lu	a1ab22c1253526ea	57548
Lu-Th_COMBINED_PREDICTED.webp	Lu	142637e1592c90a6	117800
Lu-Ti_COMBINED_FITTED.webp	Lu	02646631acf727cd	85826
Lu-Ti_COMBINED_PREDICTED.webp	Lu	6ea0b0be1d55ba8d	106030
Lu-Tl_COMBINED_FITTED.webp	Lu	f013e06c1cbb0645	110114
Lu-Tl_COMBINED_PREDICTED.webp	Lu	a786405ce26eb318	126468
Lu-Tm_COMBINED_FITTED.webp	Lu	a922894a623e5433	52922
Lu-Tm_COMBINED_PREDICTED.webp	Lu	8bb53f0144a5d6c5	109632
Lu-V_COMBINED_FITTED.webp	Lu	195fc1160d126fc6	52394
Lu-V_COMBINED_PREDICTED.webp	Lu	614bad6abfde6ed9	105726
Lu-W_COMBINED_FITTED.webp	Lu	1e027bed41728415	53170
Lu-W_COMBINED_PREDICTED.webp	Lu	a995a60732739c51	108984
Lu-Y_COMBINED_FITTED.webp	Lu	e78d0eecbac41043	52916
Lu-Y_COMBINED_PREDICTED.webp	Lu	601f5d6278e0d4dc	111770
Lu-Yb_COMBINED_FITTED.webp	Lu	3f9c035fb8425944	57572
Lu-Yb_COMBINED_PREDICTED.webp	Lu	9206398409c0348e	115234
Lu-Zn_COMBINED_FITTED.webp	Lu	9bac6b099e8da36a	108896
Lu-Zn_COMBINED_PREDICTED.webp	Lu	d5e31bc7a2d566d5	127146
Lu-Zr_COMBINED_FITTED.webp	Lu	3883cb6db88f0b9f	58684
Lu-Zr_COMBINED_PREDICTED.webp	Lu	50349ec916b5ef57	115626
Mg-Mn_COMBINED_FITTED.webp	Mg	69518c91ff2a7121	100296
Mg-Mn_COMBINED_PREDICTED.webp	Mg	2f825797f908003f	117344
Mg-Mo_COMBINED_FITTED.webp	Mg	1ef1249a03ab20a1	50336
Mg-Mo_COMBINED_PREDICTED.webp	Mg	68e28a3ea764190e	107310
Mg-Na_COMBINED_FITTED.webp	Mg	7a18a562d6af0195	53250
Mg-Na_COMBINED_PREDICTED.webp	Mg	17d253f70aabd77f	110382
Mg-Nb_COMBINED_FITTED.webp	Mg	6ceee69e0f4e2a1a	53352
Mg-Nb_COMBINED_PREDICTED.webp	Mg	663e1b01ddee46ac	108638
Mg-Nd_COMBINED_FITTED.webp	Mg	911dd560b47f69c3	106734
Mg-Nd_COMBINED_PREDICTED.webp	Mg	2a9eeff9b0fc5e5f	131352
Mg-Ni_COMBINED_FITTED.webp	Mg	ea749431fe14b36b	106606
Mg-Ni_COMBINED_PREDICTED.webp	Mg	67a57ec69bddf082	124460
Mg-Os_COMBINED_FITTED.webp	Mg	32269433dd621aee	40808
Mg-Os_COMBINED_PREDICTED.webp	Mg	f419e1876973ae72	95752
Mg-Pb_COMBINED_FITTED.webp	Mg	7a5eb698d0ebad8a	103548
Mg-Pb_COMBINED_PREDICTED.webp	Mg	43fe033b03662eee	120628
Mg-Pr_COMBINED_FITTED.webp	Mg	60503a8c60dfa2c0	109560
Mg-Pr_COMBINED_PREDICTED.webp	Mg	9eb1e677c3dbbf83	129834
Mg-Rb_COMBINED_FITTED.webp	Mg	f9505bb6efc4e683	52248
Mg-Rb_COMBINED_PREDICTED.webp	Mg	802dab51adde5f7b	107110
Mg-Re_COMBINED_FITTED.webp	Mg	2c8075b0a6a1827d	40678
Mg-Re_COMBINED_PREDICTED.webp	Mg	7e9a7b9242f70d28	96662
Mg-Rh_COMBINED_FITTED.webp	Mg	eb3dcdaae4c73f7e	51424
Mg-Rh_COMBINED_PREDICTED.webp	Mg	d6824bc46c6c1f61	114176
Mg-Ru_COMBINED_FITTED.webp	Mg	9a6b563a3f3e9055	47742
Mg-Ru_COMBINED_PREDICTED.webp	Mg	09bd25a45975895a	104466
Mg-Sc_COMBINED_FITTED.webp	Mg	59d79c566c32c2f6	71490
Mg-Sc_COMBINED_PREDICTED.webp	Mg	93eeb8fbc0c61058	132590
Mg-Si_COMBINED_FITTED.webp	Mg	b807211e8f2172bf	107164
Mg-Si_COMBINED_PREDICTED.webp	Mg	836dfcb104fc6b36	125416
Mg-Sm_COMBINED_FITTED.webp	Mg	4865a0bd0b76f5c0	111150
Mg-Sm_COMBINED_PREDICTED.webp	Mg	849eaabaccfda562	129882
Mg-Sn_COMBINED_FITTED.webp	Mg	b07fbe6293063724	102636
Mg-Sn_COMBINED_PREDICTED.webp	Mg	774a3bdf8078087f	125948
Mg-Sr_COMBINED_FITTED.webp	Mg	810f787e9a2b3165	110020
Mg-Sr_COMBINED_PREDICTED.webp	Mg	90745b2958f10ee1	128234
Mg-Ta_COMBINED_FITTED.webp	Mg	feb6688b7c4a64b4	40460
Mg-Ta_COMBINED_PREDICTED.webp	Mg	4d9a32dbb6af4c9a	96364
Mg-Tb_COMBINED_FITTED.webp	Mg	e635d1ffe399a660	104274
Mg-Tb_COMBINED_PREDICTED.webp	Mg	db964a5535a79fa1	126558
Mg-Th_COMBINED_FITTED.webp	Mg	25cdacad3f17f20d	57374
Mg-Th_COMBINED_PREDICTED.webp	Mg	263905d2a0353ea9	119830
Mg-Ti_COMBINED_FITTED.webp	Mg	d384127169f4c320	59404
Mg-Ti_COMBINED_PREDICTED.webp	Mg	c1854a103f915a04	114080
Mg-Tl_COMBINED_FITTED.webp	Mg	65ca5208f631e38b	103246
Mg-Tl_COMBINED_PREDICTED.webp	Mg	79d15f4087305197	120746
Mg-Tm_COMBINED_FITTED.webp	Mg	a2844f11e7405868	69488
Mg-Tm_COMBINED_PREDICTED.webp	Mg	81096ed97dbe225c	131078
Mg-V_COMBINED_FITTED.webp	Mg	19dad9f181b0edc0	52962
Mg-V_COMBINED_PREDICTED.webp	Mg	119c29fca0811f20	108650
Mg-W_COMBINED_FITTED.webp	Mg	24c9f87dd4f009c5	40654
Mg-W_COMBINED_PREDICTED.webp	Mg	0e42c96d52f00a41	96280
Mg-Y_COMBINED_FITTED.webp	Mg	28a8eafa2573d7de	72488
Mg-Y_COMBINED_PREDICTED.webp	Mg	1cf2fc2f8aa5fe6f	132562
Mg-Yb_COMBINED_FITTED.webp	Mg	c520fa2e1692f21a	108242
Mg-Yb_COMBINED_PREDICTED.webp	Mg	d4bb7827afcfefd7	126234
Mg-Zn_COMBINED_FITTED.webp	Mg	7646c1ca88bc08c9	113848
Mg-Zn_COMBINED_PREDICTED.webp	Mg	a5531afa132e8451	129900
Mg-Zr_COMBINED_FITTED.webp	Mg	a825463b4314f0d2	52492
Mg-Zr_COMBINED_PREDICTED.webp	Mg	ed00305bd7a08826	107176
Mn-Mo_COMBINED_FITTED.webp	Mn	a95cdceb4da1d983	64644
Mn-Mo_COMBINED_PREDICTED.webp	Mn	ad1798c9e0a3ae36	124366
Mn-Na_COMBINED_FITTED.webp	Mn	74da1eadc6d8cb4c	42602
Mn-Na_COMBINED_PREDICTED.webp	Mn	293b4e366bd45018	97100
Mn-Nb_COMBINED_FITTED.webp	Mn	a493cb671361f641	74028
Mn-Nb_COMBINED_PREDICTED.webp	Mn	504f8112f4ae6a0e	132874
Mn-Nd_COMBINED_FITTED.webp	Mn	613ec75deda7897f	57126
Mn-Nd_COMBINED_PREDICTED.webp	Mn	58bc58b776499d17	115244
Mn-Ni_COMBINED_FITTED.webp	Mn	ad66ec4fc058a80a	73640
Mn-Ni_COMBINED_PREDICTED.webp	Mn	e91f5bab0157cdf7	133534
Mn-Os_COMBINED_FITTED.webp	Mn	2ec5285406ef7850	97886
Mn-Os_COMBINED_PREDICTED.webp	Mn	f2730ae085f8c04f	157016
Mn-Pb_COMBINED_FITTED.webp	Mn	6d79a5856b1a5706	54234
Mn-Pb_COMBINED_PREDICTED.webp	Mn	0fc8a28797fc761c	110972
Mn-Pr_COMBINED_FITTED.webp	Mn	1bbd9e76829e7c98	59000
Mn-Pr_COMBINED_PREDICTED.webp	Mn	66f3a5526b6bddf3	119238
Mn-Rb_COMBINED_FITTED.webp	Mn	37de3e3a1e2a8f3c	41398
Mn-Rb_COMBINED_PREDICTED.webp	Mn	63c92f51ef0ca521	98548
Mn-Re_COMBINED_FITTED.webp	Mn	6b36b0f8ed04190b	58664
Mn-Re_COMBINED_PREDICTED.webp	Mn	5b9132dc9a4263a5	119314
Mn-Rh_COMBINED_FITTED.webp	Mn	b4797a8aad27007f	63708
Mn-Rh_COMBINED_PREDICTED.webp	Mn	4203f5b5d1966fc3	121236
Mn-Ru_COMBINED_FITTED.webp	Mn	aba0eeabbd5a2b67	91332
Mn-Ru_COMBINED_PREDICTED.webp	Mn	da08e2f3ee28d6e4	148648
Mn-Sc_COMBINED_FITTED.webp	Mn	30a62bc58c502232	63546
Mn-Sc_COMBINED_PREDICTED.webp	Mn	c7457780831cfeac	125262
Mn-Si_COMBINED_FITTED.webp	Mn	09aceab25df29431	113972
Mn-Si_COMBINED_PREDICTED.webp	Mn	6ce4f3803bb0ddd1	134040
Mn-Sm_COMBINED_FITTED.webp	Mn	61a844e65207b4c5	58846
Mn-Sm_COMBINED_PREDICTED.webp	Mn	ef89d967c28fdd17	118106
Mn-Sn_COMBINED_FITTED.webp	Mn	5781b25b1e317163	59628
Mn-Sn_COMBINED_PREDICTED.webp	Mn	4c5a86bbd027309d	119102
Mn-Sr_COMBINED_FITTED.webp	Mn	27a174cda59fa9be	54900
Mn-Sr_COMBINED_PREDICTED.webp	Mn	18f960e6461c7d2c	109912
Mn-Ta_COMBINED_FITTED.webp	Mn	a22c89b4a716a503	62960
Mn-Ta_COMBINED_PREDICTED.webp	Mn	6230eb32824778e8	123484
Mn-Tb_COMBINED_FITTED.webp	Mn	0833648b41a180bc	56854
Mn-Tb_COMBINED_PREDICTED.webp	Mn	c89da6a8b405928a	118860
Mn-Th_COMBINED_FITTED.webp	Mn	e72bd8388935ee02	62848
Mn-Th_COMBINED_PREDICTED.webp	Mn	48eac067ce3e9722	124568
Mn-Ti_COMBINED_FITTED.webp	Mn	afe20169f0486a14	70450
Mn-Ti_COMBINED_PREDICTED.webp	Mn	693852e8b1431871	130124
Mn-Tl_COMBINED_FITTED.webp	Mn	2aee8c5713fe684c	52022
Mn-Tl_COMBINED_PREDICTED.webp	Mn	903983557186790c	109530
Mn-Tm_COMBINED_FITTED.webp	Mn	db816d4cc8008497	97218
Mn-Tm_COMBINED_PREDICTED.webp	Mn	75bb9947415db373	122296
Mn-V_COMBINED_FITTED.webp	Mn	f59cdcca14b5c0b1	69740
Mn-V_COMBINED_PREDICTED.webp	Mn	812d1d5ddc59cc8c	130060
Mn-W_COMBINED_FITTED.webp	Mn	8593d537f456094a	42096
Mn-W_COMBINED_PREDICTED.webp	Mn	67cbc5f4ac81baba	98754
Mn-Y_COMBINED_FITTED.webp	Mn	e60b71572cfc9aa0	59726
Mn-Y_COMBINED_PREDICTED.webp	Mn	df731de3226067a8	121314
Mn-Yb_COMBINED_FITTED.webp	Mn	a8ee57e3de59a260	54348
Mn-Yb_COMBINED_PREDICTED.webp	Mn	4157549a2cc49258	112536
Mn-Zn_COMBINED_FITTED.webp	Mn	49a84d43038ecfed	80810
Mn-Zn_COMBINED_PREDICTED.webp	Mn	41eccf450774dbd2	141360
Mn-Zr_COMBINED_FITTED.webp	Mn	c8841782dec36511	107470
Mn-Zr_COMBINED_PREDICTED.webp	Mn	1d2a0dd12660dfac	128396
Mo-Na_COMBINED_FITTED.webp	Mo	63fd1502f4d74aa1	54250
Mo-Na_COMBINED_PREDICTED.webp	Mo	c5bb1cf01b995ae2	108814
Mo-Nb_COMBINED_FITTED.webp	Mo	46ace20f88f11c03	59796
Mo-Nb_COMBINED_PREDICTED.webp	Mo	c3d007ba1488f95d	119860
Mo-Nd_COMBINED_FITTED.webp	Mo	a90597f584b01a18	92924
Mo-Nd_COMBINED_PREDICTED.webp	Mo	10b5c808638d5d49	113212
Mo-Ni_COMBINED_FITTED.webp	Mo	3d0327cf6a4e9a89	101898
Mo-Ni_COMBINED_PREDICTED.webp	Mo	230d249026928420	121804
Mo-Os_COMBINED_FITTED.webp	Mo	409ea586497ad9cb	61716
Mo-Os_COMBINED_PREDICTED.webp	Mo	0f1a8bece89b8560	119604
Mo-Pb_COMBINED_FITTED.webp	Mo	5fa1106da850baf2	53968
Mo-Pb_COMBINED_PREDICTED.webp	Mo	6c2c0059486e5d96	109736
Mo-Pr_COMBINED_FITTED.webp	Mo	6d487a5d8fd65cf9	93880
Mo-Pr_COMBINED_PREDICTED.webp	Mo	cb7c9710f4a4e55a	112390
Mo-Rb_COMBINED_FITTED.webp	Mo	ac6f8dd31e92a41e	53616
Mo-Rb_COMBINED_PREDICTED.webp	Mo	09ba74ebe1ece541	108214
Mo-Re_COMBINED_FITTED.webp	Mo	675e9f9c28ab5966	65610
Mo-Re_COMBINED_PREDICTED.webp	Mo	4478349b2ee56a7e	123580
Mo-Rh_COMBINED_FITTED.webp	Mo	2d1d06dbc648728b	69332
Mo-Rh_COMBINED_PREDICTED.webp	Mo	60517ec67f2354db	129926
Mo-Ru_COMBINED_FITTED.webp	Mo	f28bf61356fdd533	63096
Mo-Ru_COMBINED_PREDICTED.webp	Mo	fbaa9d5269f2571b	121168
Mo-Sc_COMBINED_FITTED.webp	Mo	c4378bd1abc9a3c5	93020
Mo-Sc_COMBINED_PREDICTED.webp	Mo	3aaf4d83bdce6a5b	112306
Mo-Si_COMBINED_FITTED.webp	Mo	f9b588317b3af9b4	109402
Mo-Si_COMBINED_PREDICTED.webp	Mo	fe0e61be4eedd608	128546
Mo-Sm_COMBINED_FITTED.webp	Mo	95b2c07a38c6ec5a	53422
Mo-Sm_COMBINED_PREDICTED.webp	Mo	25a5e4815019d705	110068
Mo-Sn_COMBINED_FITTED.webp	Mo	6b07097b919d9df7	55014
Mo-Sn_COMBINED_PREDICTED.webp	Mo	3ac8c2c372f50dfc	107248
Mo-Sr_COMBINED_FITTED.webp	Mo	69e59ac91e80bf29	54204
Mo-Sr_COMBINED_PREDICTED.webp	Mo	6793def5cc59df48	108280
Mo-Ta_COMBINED_FITTED.webp	Mo	2b8af33fe64b017e	61652
Mo-Ta_COMBINED_PREDICTED.webp	Mo	07cd338059c4deda	121166
Mo-Tb_COMBINED_FITTED.webp	Mo	b5b7af01dbc99179	90962
Mo-Tb_COMBINED_PREDICTED.webp	Mo	63077fb1745be00c	111238
Mo-Th_COMBINED_FITTED.webp	Mo	745cfa2ea37ffa87	95828
Mo-Th_COMBINED_PREDICTED.webp	Mo	56016d9948c419c6	113342
Mo-Ti_COMBINED_FITTED.webp	Mo	c349bb22fe020f6d	63270
Mo-Ti_COMBINED_PREDICTED.webp	Mo	c2a361f4d5d45f02	120080
Mo-Tl_COMBINED_FITTED.webp	Mo	779ab01f2434d2ba	53076
Mo-Tl_COMBINED_PREDICTED.webp	Mo	ed169663ad29cbd7	105986
Mo-Tm_COMBINED_FITTED.webp	Mo	13c999ebcf34a712	54312
Mo-Tm_COMBINED_PREDICTED.webp	Mo	b8d0dfb41eafcebf	107724
Mo-V_COMBINED_FITTED.webp	Mo	2b554b0d47f84c7d	61944
Mo-V_COMBINED_PREDICTED.webp	Mo	b6c2c994ec971c12	121162
Mo-W_COMBINED_FITTED.webp	Mo	c68123bffdcd64a1	59888
Mo-W_COMBINED_PREDICTED.webp	Mo	29a02bf2015f6802	121208
Mo-Y_COMBINED_FITTED.webp	Mo	ed60b1bf11ac9748	91428
Mo-Y_COMBINED_PREDICTED.webp	Mo	c4b49eb5ed91bd0c	111704
Mo-Yb_COMBINED_FITTED.webp	Mo	6175ea4ecd6c7071	53540
Mo-Yb_COMBINED_PREDICTED.webp	Mo	e9123046b4262cbb	111246
Mo-Zn_COMBINED_FITTED.webp	Mo	761b33bd4bb5c28a	57926
Mo-Zn_COMBINED_PREDICTED.webp	Mo	7e2d4fac08991654	113318
Mo-Zr_COMBINED_FITTED.webp	Mo	19a0db78af01661c	63004
Mo-Zr_COMBINED_PREDICTED.webp	Mo	4506e8c325f5dc18	121368
Na-Nb_COMBINED_FITTED.webp	Na	8a3a299033e8da08	52472
Na-Nb_COMBINED_PREDICTED.webp	Na	1c6ccb2454f77c56	107278
Na-Nd_COMBINED_FITTED.webp	Na	2f0d548527be7703	42594
Na-Nd_COMBINED_PREDICTED.webp	Na	29c06c6e69066c83	96114
Na-Ni_COMBINED_FITTED.webp	Na	1d324633df0672ed	42292
Na-Ni_COMBINED_PREDICTED.webp	Na	21d4a1cdfdf8ee6b	96684
Na-Os_COMBINED_FITTED.webp	Na	4657b934e11bcfbc	42388
Na-Os_COMBINED_PREDICTED.webp	Na	9c2a8dab17d98fbe	97334
Na-Pb_COMBINED_FITTED.webp	Na	f48e2a7ed4ce6c3a	107766
Na-Pb_COMBINED_PREDICTED.webp	Na	aa4a28406aa557ac	127906
Na-Pr_COMBINED_FITTED.webp	Na	5481cff4664bb49e	42890
Na-Pr_COMBINED_PREDICTED.webp	Na	72149406eba106d3	95552
Na-Rb_COMBINED_FITTED.webp	Na	9f191ae51a9a4350	84792
Na-Rb_COMBINED_PREDICTED.webp	Na	0a56c29714681fd2	108904
Na-Re_COMBINED_FITTED.webp	Na	d8607b9a4b2c5fc7	42454
Na-Re_COMBINED_PREDICTED.webp	Na	cd24ba09acfe5368	98268
Na-Rh_COMBINED_FITTED.webp	Na	7b69d86ada7ce254	42372
Na-Rh_COMBINED_PREDICTED.webp	Na	47401c69a35cce1c	96142
Na-Ru_COMBINED_FITTED.webp	Na	726e4f234d894c7c	42258
Na-Ru_COMBINED_PREDICTED.webp	Na	a954cecbed2c7e15	96552
Na-Sc_COMBINED_FITTED.webp	Na	14dcec60c014cec2	42620
Na-Sc_COMBINED_PREDICTED.webp	Na	f3eaf970cccc9a4b	98074
Na-Si_COMBINED_FITTED.webp	Na	aaef3b5df6edb6e1	56622
Na-Si_COMBINED_PREDICTED.webp	Na	4b63aac82d66801c	116432
Na-Sm_COMBINED_FITTED.webp	Na	6c79d1f968d44eb8	42432
Na-Sm_COMBINED_PREDICTED.webp	Na	430b058f4140a404	97188
Na-Sn_COMBINED_FITTED.webp	Na	bf80174a4727c96c	114482
Na-Sn_COMBINED_PREDICTED.webp	Na	08fb391c348b34c3	131100
Na-Sr_COMBINED_FITTED.webp	Na	56c1db1492ef414b	90578
Na-Sr_COMBINED_PREDICTED.webp	Na	ab265cdbc9c729e0	111930
Na-Ta_COMBINED_FITTED.webp	Na	dc074cb3b467d8d7	52374
Na-Ta_COMBINED_PREDICTED.webp	Na	de2462e90895e67b	105268
Na-Tb_COMBINED_FITTED.webp	Na	40af0e292dffae78	42484
Na-Tb_COMBINED_PREDICTED.webp	Na	b099943ec4907212	95616
Na-Th_COMBINED_FITTED.webp	Na	676da40fba5fd0dd	98320
Na-Th_COMBINED_PREDICTED.webp	Na	f611b5d25b1ecb95	157752
Na-Ti_COMBINED_FITTED.webp	Na	5ea7f55de777022a	52558
Na-Ti_COMBINED_PREDICTED.webp	Na	e77e68aa016454dc	108516
Na-Tl_COMBINED_FITTED.webp	Na	6816e182f0c789e6	113066
Na-Tl_COMBINED_PREDICTED.webp	Na	a859dda0deb6c192	131320
Na-Tm_COMBINED_FITTED.webp	Na	9c7a0df590803280	42546
Na-Tm_COMBINED_PREDICTED.webp	Na	a598e227de6a1f95	96134
Na-V_COMBINED_FITTED.webp	Na	ba45a59bd49bdb1a	53900
Na-V_COMBINED_PREDICTED.webp	Na	062095ee5f6ae262	106022
Na-W_COMBINED_FITTED.webp	Na	14bfa9ee74d34e50	42286
Na-W_COMBINED_PREDICTED.webp	Na	a9aafb6753595d89	96580
Na-Y_COMBINED_FITTED.webp	Na	a6d829784e1ce178	42242
Na-Y_COMBINED_PREDICTED.webp	Na	53cb255467cc2ed9	96524
Na-Yb_COMBINED_FITTED.webp	Na	fccc0f0849fa2bce	42800
Na-Yb_COMBINED_PREDICTED.webp	Na	32b8024fc548b548	96064
Na-Zn_COMBINED_FITTED.webp	Na	90498b071b0afa5f	100724
Na-Zn_COMBINED_PREDICTED.webp	Na	f571c5d16d6f5c65	121318
Na-Zr_COMBINED_FITTED.webp	Na	dd9d3fdd9ba57c3b	53014
Na-Zr_COMBINED_PREDICTED.webp	Na	9d9bcade25f5b0d4	104086
Nb-Nd_COMBINED_FITTED.webp	Nb	8f439594ff591d3f	40644
Nb-Nd_COMBINED_PREDICTED.webp	Nb	8600a32ace1d3401	93644
Nb-Ni_COMBINED_FITTED.webp	Nb	016c7cab133fff23	107942
Nb-Ni_COMBINED_PREDICTED.webp	Nb	aab416b0aeab98f6	126754
Nb-Os_COMBINED_FITTED.webp	Nb	444e9e21534767f9	69736
Nb-Os_COMBINED_PREDICTED.webp	Nb	78ce357ea87cafb0	128694
Nb-Pb_COMBINED_FITTED.webp	Nb	c07a3481d0d33fa8	40936
Nb-Pb_COMBINED_PREDICTED.webp	Nb	7efc85ed70c91f33	93546
Nb-Pr_COMBINED_FITTED.webp	Nb	467ff9883cf0f321	40858
Nb-Pr_COMBINED_PREDICTED.webp	Nb	032722fe5205506f	94532
Nb-Rb_COMBINED_FITTED.webp	Nb	1cc6bef427ede104	52852
Nb-Rb_COMBINED_PREDICTED.webp	Nb	b513e80b3dbecd45	106674
Nb-Re_COMBINED_FITTED.webp	Nb	3435604e73dbe3e1	62182
Nb-Re_COMBINED_PREDICTED.webp	Nb	d91f039b54d71bc2	120844
Nb-Rh_COMBINED_FITTED.webp	Nb	2f5350403cbf1c5f	73248
Nb-Rh_COMBINED_PREDICTED.webp	Nb	eea03a8180c81cb5	138144
Nb-Ru_COMBINED_FITTED.webp	Nb	baeb75f119da1d3d	66644
Nb-Ru_COMBINED_PREDICTED.webp	Nb	0cdde40fb5bad099	124340
Nb-Sc_COMBINED_FITTED.webp	Nb	5de9cb92787fbf57	94638
Nb-Sc_COMBINED_PREDICTED.webp	Nb	aa67cb60726acb0a	112402
Nb-Si_COMBINED_FITTED.webp	Nb	5e283e223197ac16	114816
Nb-Si_COMBINED_PREDICTED.webp	Nb	059c9472b147ddda	129560
Nb-Sm_COMBINED_FITTED.webp	Nb	c728e2f9cdfe44e9	58544
Nb-Sm_COMBINED_PREDICTED.webp	Nb	7c2cc5a4f1c6532e	116128
Nb-Sn_COMBINED_FITTED.webp	Nb	674e5809374a7617	100742
Nb-Sn_COMBINED_PREDICTED.webp	Nb	232b2cce7a48f93a	123046
Nb-Sr_COMBINED_FITTED.webp	Nb	421e4a15bea83a9a	40648
Nb-Sr_COMBINED_PREDICTED.webp	Nb	1a3448fc2d08edec	94806
Nb-Ta_COMBINED_FITTED.webp	Nb	1270c0498330e792	55598
Nb-Ta_COMBINED_PREDICTED.webp	Nb	965ed60ec64b0d4f	114784
Nb-Tb_COMBINED_FITTED.webp	Nb	003f1cfa2ff64aa1	40626
Nb-Tb_COMBINED_PREDICTED.webp	Nb	27eb4827389a968d	95214
Nb-Th_COMBINED_FITTED.webp	Nb	f020ec4c9bf590e8	91616
Nb-Th_COMBINED_PREDICTED.webp	Nb	07fb2a56b80a9b48	111588
Nb-Ti_COMBINED_FITTED.webp	Nb	b660dfc4c1c96cdd	55628
Nb-Ti_COMBINED_PREDICTED.webp	Nb	02fd1baa2997e480	112094
Nb-Tl_COMBINED_FITTED.webp	Nb	d497822c6966c491	51356
Nb-Tl_COMBINED_PREDICTED.webp	Nb	6b89aeab86c92980	105104
Nb-Tm_COMBINED_FITTED.webp	Nb	8bcf20377a6e1a05	40674
Nb-Tm_COMBINED_PREDICTED.webp	Nb	1551e764d303520d	93304
Nb-V_COMBINED_FITTED.webp	Nb	64be5e1a46113356	55148
Nb-V_COMBINED_PREDICTED.webp	Nb	b8520d0bb8de561a	114926
Nb-W_COMBINED_FITTED.webp	Nb	74a1fbff013b9006	60774
Nb-W_COMBINED_PREDICTED.webp	Nb	a38def065edf80e5	122982
Nb-Y_COMBINED_FITTED.webp	Nb	dd169f0e96248b6d	87650
Nb-Y_COMBINED_PREDICTED.webp	Nb	d37b0a15c1ab0ddf	110200
Nb-Yb_COMBINED_FITTED.webp	Nb	64eb5adcbe1664eb	51096
Nb-Yb_COMBINED_PREDICTED.webp	Nb	ac427d24d9665706	110546
Nb-Zn_COMBINED_FITTED.webp	Nb	5d646c493e83ec00	64412
Nb-Zn_COMBINED_PREDICTED.webp	Nb	a60b3ea54aba0df2	120494
Nb-Zr_COMBINED_FITTED.webp	Nb	a45c4b25fe85b97c	55376
Nb-Zr_COMBINED_PREDICTED.webp	Nb	af257701a4d84ed9	111566
Nd-Ni_COMBINED_FITTED.webp	Nd	46e688925e3d6bd4	108540
Nd-Ni_COMBINED_PREDICTED.webp	Nd	858206c6e1232211	131154
Nd-Os_COMBINED_FITTED.webp	Nd	3b7a57882f146a6b	47210
Nd-Os_COMBINED_PREDICTED.webp	Nd	e70ab73164983a8b	102484
Nd-Pb_COMBINED_FITTED.webp	Nd	39091478abf9b715	49232
Nd-Pb_COMBINED_PREDICTED.webp	Nd	492f235df4fbf930	109798
Nd-Pr_COMBINED_FITTED.webp	Nd	5241a0051293cb62	63338
Nd-Pr_COMBINED_PREDICTED.webp	Nd	b98e791c1efa76ba	122154
Nd-Rb_COMBINED_FITTED.webp	Nd	d3f7964dbd9761c6	41142
Nd-Rb_COMBINED_PREDICTED.webp	Nd	ffe9e02d4f14ce19	97462
Nd-Re_COMBINED_FITTED.webp	Nd	6faaa40a7c0667c6	42328
Nd-Re_COMBINED_PREDICTED.webp	Nd	a2f3024bc5d21601	95428
Nd-Rh_COMBINED_FITTED.webp	Nd	08d51e83846815c0	121320
Nd-Rh_COMBINED_PREDICTED.webp	Nd	9a53c67fe86040c1	140174
Nd-Ru_COMBINED_FITTED.webp	Nd	1e2e2c4c98b4768e	103332
Nd-Ru_COMBINED_PREDICTED.webp	Nd	46cfbbd603cae911	126226
Nd-Sc_COMBINED_FITTED.webp	Nd	6beca72f1ede8600	62638
Nd-Sc_COMBINED_PREDICTED.webp	Nd	cfa3992b1f84e424	120288
Nd-Si_COMBINED_FITTED.webp	Nd	d11850ec49a0273c	111674
Nd-Si_COMBINED_PREDICTED.webp	Nd	475a63af3a331118	130172
Nd-Sm_COMBINED_FITTED.webp	Nd	b7d49369656a5d8e	56686
Nd-Sm_COMBINED_PREDICTED.webp	Nd	d3e826bca1f2a457	111376
Nd-Sn_COMBINED_FITTED.webp	Nd	fe7a954755e8cbb8	119758
Nd-Sn_COMBINED_PREDICTED.webp	Nd	0ffa67786340cfdc	136642
Nd-Sr_COMBINED_FITTED.webp	Nd	897244277913727d	53960
Nd-Sr_COMBINED_PREDICTED.webp	Nd	1f136db2b015d54a	111284
Nd-Ta_COMBINED_FITTED.webp	Nd	cde1bb8e76b6d56f	51040
Nd-Ta_COMBINED_PREDICTED.webp	Nd	afa7ec6d371baa42	107602
Nd-Tb_COMBINED_FITTED.webp	Nd	7735f4f94e832959	61988
Nd-Tb_COMBINED_PREDICTED.webp	Nd	ffb49f5ce5999795	118646
Nd-Th_COMBINED_FITTED.webp	Nd	a7809fccfec59f01	58594
Nd-Th_COMBINED_PREDICTED.webp	Nd	789d7316f476fde1	119218
Nd-Ti_COMBINED_FITTED.webp	Nd	d97388bdb801f03e	112132
Nd-Ti_COMBINED_PREDICTED.webp	Nd	1f350da316a269b9	172384
Nd-Tl_COMBINED_FITTED.webp	Nd	33ac67822bca3d61	113466
Nd-Tl_COMBINED_PREDICTED.webp	Nd	eafa389959b2f6bb	132458
Nd-Tm_COMBINED_FITTED.webp	Nd	00609d197f612d95	62976
Nd-Tm_COMBINED_PREDICTED.webp	Nd	e8fded4d476c0761	120138
Nd-V_COMBINED_FITTED.webp	Nd	e069489c32d9f7db	53060
Nd-V_COMBINED_PREDICTED.webp	Nd	43d9f96eacd3a48f	110332
Nd-W_COMBINED_FITTED.webp	Nd	62f9de4985c1305c	116908
Nd-W_COMBINED_PREDICTED.webp	Nd	a7a0fb8548b9debc	176914
Nd-Y_COMBINED_FITTED.webp	Nd	d35a3c4f3c353616	65958
Nd-Y_COMBINED_PREDICTED.webp	Nd	3b9945afe95e7032	124926
Nd-Yb_COMBINED_FITTED.webp	Nd	668b8f99e99b5963	114430
Nd-Yb_COMBINED_PREDICTED.webp	Nd	fa54fad66f115acb	173890
Nd-Zn_COMBINED_FITTED.webp	Nd	0adf012af55e2835	116394
Nd-Zn_COMBINED_PREDICTED.webp	Nd	5d712ba9a9566617	134434
Nd-Zr_COMBINED_FITTED.webp	Nd	607a11f569bec456	42318
Nd-Zr_COMBINED_PREDICTED.webp	Nd	1af6e68a8aea99df	96710
Ni-Os_COMBINED_FITTED.webp	Ni	762af95141678d10	56028
Ni-Os_COMBINED_PREDICTED.webp	Ni	a31b16617d49b684	114396
Ni-Pb_COMBINED_FITTED.webp	Ni	e2cd1405712f6f00	91544
Ni-Pb_COMBINED_PREDICTED.webp	Ni	d110feb83c358607	111950
Ni-Pr_COMBINED_FITTED.webp	Ni	fc9b50746c278760	106786
Ni-Pr_COMBINED_PREDICTED.webp	Ni	14bdd3d0cf043b7a	130480
Ni-Rb_COMBINED_FITTED.webp	Ni	6164e016c01b1da2	41176
Ni-Rb_COMBINED_PREDICTED.webp	Ni	34dc87a9e368ec89	94152
Ni-Re_COMBINED_FITTED.webp	Ni	9c105dabb5d2a0c9	94882
Ni-Re_COMBINED_PREDICTED.webp	Ni	8ea7cc6e74215bfd	120418
Ni-Rh_COMBINED_FITTED.webp	Ni	690f03d96686d5ad	53766
Ni-Rh_COMBINED_PREDICTED.webp	Ni	ea61f7b4a3563d6c	109776
Ni-Ru_COMBINED_FITTED.webp	Ni	d49600ee482ffd5c	57140
Ni-Ru_COMBINED_PREDICTED.webp	Ni	92f76418b4a5cdf6	118590
Ni-Sc_COMBINED_FITTED.webp	Ni	8802b509da9e0cca	121184
Ni-Sc_COMBINED_PREDICTED.webp	Ni	57aed66a7d2c742e	140446
Ni-Si_COMBINED_FITTED.webp	Ni	72e8bf8659e4fc42	120332
Ni-Si_COMBINED_PREDICTED.webp	Ni	4ce370288951b64c	140078
Ni-Sm_COMBINED_FITTED.webp	Ni	d537f7826f01bf25	111268
Ni-Sm_COMBINED_PREDICTED.webp	Ni	7b57853a7cff3dfa	134030
Ni-Sn_COMBINED_FITTED.webp	Ni	b530a419a30fa414	110426
Ni-Sn_COMBINED_PREDICTED.webp	Ni	9e809e26eca79c69	127128
Ni-Sr_COMBINED_FITTED.webp	Ni	37a33f41efa3541e	54390
Ni-Sr_COMBINED_PREDICTED.webp	Ni	1ea2e06c14deaeb8	112138
Ni-Ta_COMBINED_FITTED.webp	Ni	e867d579fb572dc0	109680
Ni-Ta_COMBINED_PREDICTED.webp	Ni	d2cc91e3ef12769b	128564
Ni-Tb_COMBINED_FITTED.webp	Ni	6833ea200cc26e76	111270
Ni-Tb_COMBINED_PREDICTED.webp	Ni	cb4bd67466aa7fea	133440
Ni-Th_COMBINED_FITTED.webp	Ni	abd15035ef8df358	112158
Ni-Th_COMBINED_PREDICTED.webp	Ni	7f4643729e19c28a	133300
Ni-Ti_COMBINED_FITTED.webp	Ni	4e02ac0a9b80f924	112016
Ni-Ti_COMBINED_PREDICTED.webp	Ni	6d7248c58f7f3aa6	129454
Ni-Tl_COMBINED_FITTED.webp	Ni	59db159eb0668df5	51010
Ni-Tl_COMBINED_PREDICTED.webp	Ni	fadfb62d5319a999	108200
Ni-Tm_COMBINED_FITTED.webp	Ni	8e746955ec629968	49332
Ni-Tm_COMBINED_PREDICTED.webp	Ni	7aa003f41961ae00	112530
Ni-V_COMBINED_FITTED.webp	Ni	4ea07e18dc49c0b5	72286
Ni-V_COMBINED_PREDICTED.webp	Ni	bb31a7fbfcf35fe0	133218
Ni-W_COMBINED_FITTED.webp	Ni	cde2649a8b9b5acb	105042
Ni-W_COMBINED_PREDICTED.webp	Ni	088267e5e294e917	120968
Ni-Y_COMBINED_FITTED.webp	Ni	64f0facb687a48e3	108212
Ni-Y_COMBINED_PREDICTED.webp	Ni	1d380948e7792095	132762
Ni-Yb_COMBINED_FITTED.webp	Ni	f0b6ead538721b0d	120372
Ni-Yb_COMBINED_PREDICTED.webp	Ni	6ba3b727c2dd63f3	138054
Ni-Zn_COMBINED_FITTED.webp	Ni	f0587cbbc11dd132	103956
Ni-Zn_COMBINED_PREDICTED.webp	Ni	a2652980b9ee9c85	128974
Ni-Zr_COMBINED_FITTED.webp	Ni	3316a6932cd008f5	120188
Ni-Zr_COMBINED_PREDICTED.webp	Ni	48193aa52e33ae47	137994
Os-Pb_COMBINED_FITTED.webp	Os	09ba28bb4cae7905	42224
Os-Pb_COMBINED_PREDICTED.webp	Os	b1466077fb38c823	94528
Os-Pr_COMBINED_FITTED.webp	Os	8b2934839f47316f	101512
Os-Pr_COMBINED_PREDICTED.webp	Os	2265999a63d5bed1	120670
Os-Rb_COMBINED_FITTED.webp	Os	bbaf965f060c3bff	41070
Os-Rb_COMBINED_PREDICTED.webp	Os	0d2b24035446e3e8	96444
Os-Re_COMBINED_FITTED.webp	Os	6873d620badcdeea	63372
Os-Re_COMBINED_PREDICTED.webp	Os	635a79629817c312	125842
Os-Rh_COMBINED_FITTED.webp	Os	16e68c9d413318ef	56364
Os-Rh_COMBINED_PREDICTED.webp	Os	13c2f0b90bd205ab	113344
Os-Ru_COMBINED_FITTED.webp	Os	8e38e16609b35e13	60688
Os-Ru_COMBINED_PREDICTED.webp	Os	499ae3cae011b640	119250
Os-Sc_COMBINED_FITTED.webp	Os	e121f6c17fae3a5f	48748
Os-Sc_COMBINED_PREDICTED.webp	Os	a1304ed57d489ee0	107860
Os-Si_COMBINED_FITTED.webp	Os	ff5da7daeba9dac1	100226
Os-Si_COMBINED_PREDICTED.webp	Os	2ba719d1652276e9	120208
Os-Sm_COMBINED_FITTED.webp	Os	14e872fb532d951c	48076
Os-Sm_COMBINED_PREDICTED.webp	Os	38068251a70bac6b	104502
Os-Sn_COMBINED_FITTED.webp	Os	e136e544c4724d29	42926
Os-Sn_COMBINED_PREDICTED.webp	Os	372fa9bbaf5e3c9b	95828
Os-Sr_COMBINED_FITTED.webp	Os	72932c4c3d92cd7a	42366
Os-Sr_COMBINED_PREDICTED.webp	Os	52c911d4a404becf	95084
Os-Ta_COMBINED_FITTED.webp	Os	2dc6f3e05fce6f93	67822
Os-Ta_COMBINED_PREDICTED.webp	Os	18587156d0c38c30	131044
Os-Tb_COMBINED_FITTED.webp	Os	2ff6373c21a98a4a	47310
Os-Tb_COMBINED_PREDICTED.webp	Os	ba00b8155550fdaf	103968
Os-Th_COMBINED_FITTED.webp	Os	b0d5170098a97fec	105352
Os-Th_COMBINED_PREDICTED.webp	Os	d2bcd6ef1e6612a7	125668
Os-Ti_COMBINED_FITTED.webp	Os	a6269b25a494ac9a	105678
Os-Ti_COMBINED_PREDICTED.webp	Os	3784c3eb09ef85a7	123618
Os-Tl_COMBINED_FITTED.webp	Os	22c9a360e5ea4b12	42168
Os-Tl_COMBINED_PREDICTED.webp	Os	47acc2ebb4a10df6	97082
Os-Tm_COMBINED_FITTED.webp	Os	8ffa8ecf61b116b6	48250
Os-Tm_COMBINED_PREDICTED.webp	Os	51bb3bfde25ba9dd	104620
Os-V_COMBINED_FITTED.webp	Os	d398740a7f41608f	60792
Os-V_COMBINED_PREDICTED.webp	Os	afab494866d4c527	121614
Os-W_COMBINED_FITTED.webp	Os	2f2d6059381d985a	63348
Os-W_COMBINED_PREDICTED.webp	Os	53b6e283f8913cb0	121136
Os-Y_COMBINED_FITTED.webp	Os	98c63f050fe5dd82	103440
Os-Y_COMBINED_PREDICTED.webp	Os	d1550068f5510f14	121572
Os-Yb_COMBINED_FITTED.webp	Os	1955a9f15d09d468	69530
Os-Yb_COMBINED_PREDICTED.webp	Os	46de545c1faeb6af	127902
Os-Zn_COMBINED_FITTED.webp	Os	c73759244d0e06e6	42416
Os-Zn_COMBINED_PREDICTED.webp	Os	ec285f09bc98bf51	95580
Os-Zr_COMBINED_FITTED.webp	Os	3bdae8bf5aca73b7	109242
Os-Zr_COMBINED_PREDICTED.webp	Os	071279532757548a	127352
Pb-Pr_COMBINED_FITTED.webp	Pb	f1308dfbe0c4a73b	120272
Pb-Pr_COMBINED_PREDICTED.webp	Pb	26d940726f2b6eda	131416
Pb-Rb_COMBINED_FITTED.webp	Pb	936f69c66afc8431	108664
Pb-Rb_COMBINED_PREDICTED.webp	Pb	155049ff05062646	128686
Pb-Re_COMBINED_FITTED.webp	Pb	c2a7a83c187fcc58	42154
Pb-Re_COMBINED_PREDICTED.webp	Pb	0faa6f42d712d546	98290
Pb-Rh_COMBINED_FITTED.webp	Pb	680e043e729dded7	71752
Pb-Rh_COMBINED_PREDICTED.webp	Pb	b1984a0792ce6e2f	130312
Pb-Ru_COMBINED_FITTED.webp	Pb	b03d3747d2791831	41986
Pb-Ru_COMBINED_PREDICTED.webp	Pb	86288f7e6942b135	95302
Pb-Sc_COMBINED_FITTED.webp	Pb	61f11c2b6b5f4778	109732
Pb-Sc_COMBINED_PREDICTED.webp	Pb	c6ce3e768fbbda34	129616
Pb-Si_COMBINED_FITTED.webp	Pb	aa9df56941f04828	53502
Pb-Si_COMBINED_PREDICTED.webp	Pb	989fe3389c11446d	108734
Pb-Sm_COMBINED_FITTED.webp	Pb	be61d1207e7faa92	115020
Pb-Sm_COMBINED_PREDICTED.webp	Pb	009aea51317b2649	134380
Pb-Sn_COMBINED_FITTED.webp	Pb	b1279420b733f9cd	93542
Pb-Sn_COMBINED_PREDICTED.webp	Pb	b4239b05a6383c88	115724
Pb-Sr_COMBINED_FITTED.webp	Pb	bf69c965aad9aa7c	115122
Pb-Sr_COMBINED_PREDICTED.webp	Pb	520ea2720a948e2c	129264
Pb-Ta_COMBINED_FITTED.webp	Pb	127560719636e86f	41926
Pb-Ta_COMBINED_PREDICTED.webp	Pb	60a1c7be8f4d5053	95932
Pb-Tb_COMBINED_FITTED.webp	Pb	0b9120e5cb0b55fe	48878
Pb-Tb_COMBINED_PREDICTED.webp	Pb	7f808485340e24fa	109742
Pb-Th_COMBINED_FITTED.webp	Pb	900d0ab61350422a	101096
Pb-Th_COMBINED_PREDICTED.webp	Pb	de857ff99049e6aa	125104
Pb-Ti_COMBINED_FITTED.webp	Pb	bf48ada72dfacd05	101926
Pb-Ti_COMBINED_PREDICTED.webp	Pb	eb325689d359bbf2	160394
Pb-Tl_COMBINED_FITTED.webp	Pb	6eb381178e7d40b2	59634
Pb-Tl_COMBINED_PREDICTED.webp	Pb	46839f269b72ffd4	116968
Pb-Tm_COMBINED_FITTED.webp	Pb	77b211f110d4c21a	48976
Pb-Tm_COMBINED_PREDICTED.webp	Pb	80989ae59d0a03c0	108042
Pb-V_COMBINED_FITTED.webp	Pb	ae61fb1571020234	41792
Pb-V_COMBINED_PREDICTED.webp	Pb	73c858448659127e	93824
Pb-W_COMBINED_FITTED.webp	Pb	bea787f8a5cfe420	98392
Pb-W_COMBINED_PREDICTED.webp	Pb	f4830fe97c7a6b7e	155016
Pb-Y_COMBINED_FITTED.webp	Pb	3cb8e69b2c9154e6	110790
Pb-Y_COMBINED_PREDICTED.webp	Pb	91bf9d78f28a57b8	127820
Pb-Yb_COMBINED_FITTED.webp	Pb	e3d32a38e176d294	113978
Pb-Yb_COMBINED_PREDICTED.webp	Pb	7f3daefe6bd50360	129052
Pb-Zn_COMBINED_FITTED.webp	Pb	12c13639bc3a848a	92848
Pb-Zn_COMBINED_PREDICTED.webp	Pb	086cc6ded3a31130	118502
Pb-Zr_COMBINED_FITTED.webp	Pb	42b34086d402d1b6	97316
Pb-Zr_COMBINED_PREDICTED.webp	Pb	2c0edc23e941199f	122694
Pr-Rb_COMBINED_FITTED.webp	Pr	542564ea96b3f56a	41510
Pr-Rb_COMBINED_PREDICTED.webp	Pr	d2583025386a5a6a	98252
Pr-Re_COMBINED_FITTED.webp	Pr	19672d4702198ecf	116428
Pr-Re_COMBINED_PREDICTED.webp	Pr	3cee0e95c586488a	175336
Pr-Rh_COMBINED_FITTED.webp	Pr	c339fcb77c6d414a	110320
Pr-Rh_COMBINED_PREDICTED.webp	Pr	78d74e6aea980c7a	129856
Pr-Ru_COMBINED_FITTED.webp	Pr	a874d6f69f917640	109138
Pr-Ru_COMBINED_PREDICTED.webp	Pr	a7e7410686046116	126212
Pr-Sc_COMBINED_FITTED.webp	Pr	b7bec2bac5f45458	43242
Pr-Sc_COMBINED_PREDICTED.webp	Pr	3b87fc65c15125d0	95690
Pr-Si_COMBINED_FITTED.webp	Pr	1382937d6bfc67b1	109192
Pr-Si_COMBINED_PREDICTED.webp	Pr	c557a045c356491d	127014
Pr-Sm_COMBINED_FITTED.webp	Pr	5e51aee218151ed3	58176
Pr-Sm_COMBINED_PREDICTED.webp	Pr	76f0c126d20941c9	113464
Pr-Sn_COMBINED_FITTED.webp	Pr	dc3f9265b1ed024e	117104
Pr-Sn_COMBINED_PREDICTED.webp	Pr	88519a754a0a5c78	133392
Pr-Sr_COMBINED_FITTED.webp	Pr	3cddcc0bce3b38a5	42836
Pr-Sr_COMBINED_PREDICTED.webp	Pr	02195a43263de979	93920
Pr-Ta_COMBINED_FITTED.webp	Pr	9c81b8e6a8c3ebb7	51260
Pr-Ta_COMBINED_PREDICTED.webp	Pr	6d8f4b55f35d9f40	106040
Pr-Tb_COMBINED_FITTED.webp	Pr	5f9593df546c76d1	64560
Pr-Tb_COMBINED_PREDICTED.webp	Pr	530f171c1df32824	121588
Pr-Th_COMBINED_FITTED.webp	Pr	8c8037eded3ed6a5	59928
Pr-Th_COMBINED_PREDICTED.webp	Pr	66fb21327d1543e6	120688
Pr-Ti_COMBINED_FITTED.webp	Pr	e614a9c547f8501f	53306
Pr-Ti_COMBINED_PREDICTED.webp	Pr	f4e1da05be6f20af	110116
Pr-Tl_COMBINED_FITTED.webp	Pr	8a238c22047d2874	113902
Pr-Tl_COMBINED_PREDICTED.webp	Pr	0b56a62ddbc3d93d	131534
Pr-Tm_COMBINED_FITTED.webp	Pr	f10c7517b2be1f5b	63374
Pr-Tm_COMBINED_PREDICTED.webp	Pr	500d1950def9a9fd	120914
Pr-V_COMBINED_FITTED.webp	Pr	0ac772e7a72b4b98	53072
Pr-V_COMBINED_PREDICTED.webp	Pr	64b92e650642cb4b	107894
Pr-W_COMBINED_FITTED.webp	Pr	2b165b564c3361b0	51556
Pr-W_COMBINED_PREDICTED.webp	Pr	e5a16c58778938f0	108572
Pr-Y_COMBINED_FITTED.webp	Pr	b6adf42008e07c78	64860
Pr-Y_COMBINED_PREDICTED.webp	Pr	5f09a2dc00993d33	121636
Pr-Yb_COMBINED_FITTED.webp	Pr	7236d649f96756a9	56392
Pr-Yb_COMBINED_PREDICTED.webp	Pr	bd90d4eb3fd33662	113442
Pr-Zn_COMBINED_FITTED.webp	Pr	ea11fccdccab5eee	112768
Pr-Zn_COMBINED_PREDICTED.webp	Pr	35e8a994c97d7486	133996
Pr-Zr_COMBINED_FITTED.webp	Pr	e20dddebb1a9f8e9	40742
Pr-Zr_COMBINED_PREDICTED.webp	Pr	b271029706770291	96598
Rb-Re_COMBINED_FITTED.webp	Rb	7b1fa98b9d15f0d3	41378
Rb-Re_COMBINED_PREDICTED.webp	Rb	4f02634033c2105f	97386
Rb-Rh_COMBINED_FITTED.webp	Rb	f0ed2886557086e2	41314
Rb-Rh_COMBINED_PREDICTED.webp	Rb	d71c3df9165af7f6	94754
Rb-Ru_COMBINED_FITTED.webp	Rb	071cd6cfaffd0a8d	41230
Rb-Ru_COMBINED_PREDICTED.webp	Rb	cc535c47d27277a8	95990
Rb-Sc_COMBINED_FITTED.webp	Rb	79551272e548fe12	41848
Rb-Sc_COMBINED_PREDICTED.webp	Rb	4ec646ef0a093243	94750
Rb-Si_COMBINED_FITTED.webp	Rb	a7f7cec469d22197	46772
Rb-Si_COMBINED_PREDICTED.webp	Rb	d97c5f2fa1d91fae	101652
Rb-Sm_COMBINED_FITTED.webp	Rb	a4f04c096c5ec7c6	41410
Rb-Sm_COMBINED_PREDICTED.webp	Rb	a34b8da76649e88e	99004
Rb-Sn_COMBINED_FITTED.webp	Rb	d635e00f7da10ef7	62732
Rb-Sn_COMBINED_PREDICTED.webp	Rb	50327005ca00178f	124808
Rb-Sr_COMBINED_FITTED.webp	Rb	a5598e2ffbf57946	41750
Rb-Sr_COMBINED_PREDICTED.webp	Rb	a12b2013ed06aaa4	95514
Rb-Ta_COMBINED_FITTED.webp	Rb	c86d27c21f9e899c	50532
Rb-Ta_COMBINED_PREDICTED.webp	Rb	f45f00d02c9c3471	106226
Rb-Tb_COMBINED_FITTED.webp	Rb	845be2d765fa75d6	41352
Rb-Tb_COMBINED_PREDICTED.webp	Rb	ce039b4558ea179d	98368
Rb-Th_COMBINED_FITTED.webp	Rb	de13151290d76c8d	41154
Rb-Th_COMBINED_PREDICTED.webp	Rb	5e2441420212b6a4	96958
Rb-Ti_COMBINED_FITTED.webp	Rb	fe8e4d44049f17bc	52348
Rb-Ti_COMBINED_PREDICTED.webp	Rb	9b94f7caa5d0ecf5	107292
Rb-Tl_COMBINED_FITTED.webp	Rb	5d71254bcdbe263f	110128
Rb-Tl_COMBINED_PREDICTED.webp	Rb	b2756c1ea27fe21f	126182
Rb-Tm_COMBINED_FITTED.webp	Rb	1f84e1a63f90cc75	41360
Rb-Tm_COMBINED_PREDICTED.webp	Rb	ad724fd123ea7d41	93958
Rb-V_COMBINED_FITTED.webp	Rb	b4c4f2bd26169f93	53404
Rb-V_COMBINED_PREDICTED.webp	Rb	5e4c50cd056e8467	108874
Rb-W_COMBINED_FITTED.webp	Rb	ccdf47df19a8f06b	41236
Rb-W_COMBINED_PREDICTED.webp	Rb	1f3141052b24efe8	97002
Rb-Y_COMBINED_FITTED.webp	Rb	b1cf27442ce696c6	41186
Rb-Y_COMBINED_PREDICTED.webp	Rb	0676f34aed41286c	96378
Rb-Yb_COMBINED_FITTED.webp	Rb	62279b425368ae48	41440
Rb-Yb_COMBINED_PREDICTED.webp	Rb	5d23e89408c37d6f	94990
Rb-Zn_COMBINED_FITTED.webp	Rb	a4b8670d6857a1b3	56990
Rb-Zn_COMBINED_PREDICTED.webp	Rb	5787fba008b9bed7	113630
Rb-Zr_COMBINED_FITTED.webp	Rb	f410c2d90af4ad25	52506
Rb-Zr_COMBINED_PREDICTED.webp	Rb	33c1ed1d2c75bedd	107242
Re-Rh_COMBINED_FITTED.webp	Re	b5c6b2337888c841	61796
Re-Rh_COMBINED_PREDICTED.webp	Re	7a84e5f81f479ab4	120476
Re-Ru_COMBINED_FITTED.webp	Re	3a68017e033e2a03	60672
Re-Ru_COMBINED_PREDICTED.webp	Re	34bd19e4ceb33bcf	120488
Re-Sc_COMBINED_FITTED.webp	Re	585a43c3f43006e3	106624
Re-Sc_COMBINED_PREDICTED.webp	Re	f46edaae22ff3450	125162
Re-Si_COMBINED_FITTED.webp	Re	fe0be7f290f648be	64460
Re-Si_COMBINED_PREDICTED.webp	Re	21c1048ba9397ba0	123906
Re-Sm_COMBINED_FITTED.webp	Re	95257a289b80fdcd	48832
Re-Sm_COMBINED_PREDICTED.webp	Re	2783852bc64c99b4	103214
Re-Sn_COMBINED_FITTED.webp	Re	8d4f80e32045d80f	55984
Re-Sn_COMBINED_PREDICTED.webp	Re	ecdb643149b5088c	112484
Re-Sr_COMBINED_FITTED.webp	Re	d3196d20d1fa4e6a	42530
Re-Sr_COMBINED_PREDICTED.webp	Re	65252ae5130d1318	95582
Re-Ta_COMBINED_FITTED.webp	Re	018ee44969027365	66070
Re-Ta_COMBINED_PREDICTED.webp	Re	2bdcacc872f997dc	126806
Re-Tb_COMBINED_FITTED.webp	Re	aed2a7036a1cc38c	102952
Re-Tb_COMBINED_PREDICTED.webp	Re	af3e5abbffe3680d	119878
Re-Th_COMBINED_FITTED.webp	Re	b0de9576055d7e1e	97620
Re-Th_COMBINED_PREDICTED.webp	Re	4cf24d9c64c03819	119986
Re-Ti_COMBINED_FITTED.webp	Re	97274bba94222437	63050
Re-Ti_COMBINED_PREDICTED.webp	Re	15170b5257b7ffbe	124084
Re-Tl_COMBINED_FITTED.webp	Re	148e578891551300	41264
Re-Tl_COMBINED_PREDICTED.webp	Re	b4f7145ed1de8c1f	97724
Re-Tm_COMBINED_FITTED.webp	Re	237322c1c29ac079	47292
Re-Tm_COMBINED_PREDICTED.webp	Re	2560e0f19582bd3b	104378
Re-V_COMBINED_FITTED.webp	Re	73db03778f77933c	62946
Re-V_COMBINED_PREDICTED.webp	Re	e04e3f4a9a6611a7	121942
Re-W_COMBINED_FITTED.webp	Re	649c55189f2d2fde	61306
Re-W_COMBINED_PREDICTED.webp	Re	35b6546ab1628a3d	122628
Re-Y_COMBINED_FITTED.webp	Re	e4444cc643e8f3ec	98544
Re-Y_COMBINED_PREDICTED.webp	Re	28b8ca83e4c32364	119908
Re-Yb_COMBINED_FITTED.webp	Re	ac18670b87e4fff4	41376
Re-Yb_COMBINED_PREDICTED.webp	Re	ea6426e81b6e32fe	96070
Re-Zn_COMBINED_FITTED.webp	Re	f4edc5f04516c2ac	41436
Re-Zn_COMBINED_PREDICTED.webp	Re	3e3758963eda1d33	95944
Re-Zr_COMBINED_FITTED.webp	Re	eb1776ec147903ff	106062
Re-Zr_COMBINED_PREDICTED.webp	Re	19657ddd9e353c02	129008
Rh-Ru_COMBINED_FITTED.webp	Rh	62e05ebccbae3b36	52982
Rh-Ru_COMBINED_PREDICTED.webp	Rh	151d1b5ba6b8fcba	109424
Rh-Sc_COMBINED_FITTED.webp	Rh	9dd6f1a4c4bd8da9	121052
Rh-Sc_COMBINED_PREDICTED.webp	Rh	d0268fb763c96a68	136944
Rh-Si_COMBINED_FITTED.webp	Rh	9366e6f9cd5c36fb	115950
Rh-Si_COMBINED_PREDICTED.webp	Rh	27ca61ca65a5af22	134308
Rh-Sm_COMBINED_FITTED.webp	Rh	88fb745e81b0c563	116146
Rh-Sm_COMBINED_PREDICTED.webp	Rh	88b528680bc872b9	135784
Rh-Sn_COMBINED_FITTED.webp	Rh	d55c38f406a37d87	112396
Rh-Sn_COMBINED_PREDICTED.webp	Rh	15dc3c69fb34e786	132012
Rh-Sr_COMBINED_FITTED.webp	Rh	a5d7c808b32bd1fe	48914
Rh-Sr_COMBINED_PREDICTED.webp	Rh	b16b0c90636ccdb1	104780
Rh-Ta_COMBINED_FITTED.webp	Rh	05d828263aad891c	71616
Rh-Ta_COMBINED_PREDICTED.webp	Rh	68d847d84f56e2b5	133278
Rh-Tb_COMBINED_FITTED.webp	Rh	7c2498c725a3ee79	118852
Rh-Tb_COMBINED_PREDICTED.webp	Rh	6db4e0b60a5f6005	133402
Rh-Th_COMBINED_FITTED.webp	Rh	c1e5710c8e904c79	119700
Rh-Th_COMBINED_PREDICTED.webp	Rh	26c7b9a9dab0b164	137440
Rh-Ti_COMBINED_FITTED.webp	Rh	8628531d8444f2b9	113854
Rh-Ti_COMBINED_PREDICTED.webp	Rh	3b9378644ee95a0a	132986
Rh-Tl_COMBINED_FITTED.webp	Rh	2d960dc5bb0a6742	42110
Rh-Tl_COMBINED_PREDICTED.webp	Rh	824316f01395d944	94136
Rh-Tm_COMBINED_FITTED.webp	Rh	fe4219834adfc207	48994
Rh-Tm_COMBINED_PREDICTED.webp	Rh	c991bf6cbaf62f9b	108870
Rh-V_COMBINED_FITTED.webp	Rh	c3c90ccc15769942	117284
Rh-V_COMBINED_PREDICTED.webp	Rh	d25c042a9ee16529	134452
Rh-W_COMBINED_FITTED.webp	Rh	f68b708e02846192	64532
Rh-W_COMBINED_PREDICTED.webp	Rh	722249af3e0ef99d	123870
Rh-Y_COMBINED_FITTED.webp	Rh	01748b929ebaba62	115330
Rh-Y_COMBINED_PREDICTED.webp	Rh	ee29e882c1262aaf	130600
Rh-Yb_COMBINED_FITTED.webp	Rh	cf16e863091cda30	74350
Rh-Yb_COMBINED_PREDICTED.webp	Rh	7a6d2db5206d9e0a	135354
Rh-Zn_COMBINED_FITTED.webp	Rh	7545ecd367b8151b	62332
Rh-Zn_COMBINED_PREDICTED.webp	Rh	af6eeae6e8b519af	124576
Rh-Zr_COMBINED_FITTED.webp	Rh	a971fd6a8f4cf964	117854
Rh-Zr_COMBINED_PREDICTED.webp	Rh	8c5df70bcb6cf768	138354
Ru-Sc_COMBINED_FITTED.webp	Ru	564f25be4fc8718e	105734
Ru-Sc_COMBINED_PREDICTED.webp	Ru	8635f03cb5ad8897	127962
Ru-Si_COMBINED_FITTED.webp	Ru	51bb8b804fe82832	105072
Ru-Si_COMBINED_PREDICTED.webp	Ru	e60c0351be6a8102	124406
Ru-Sm_COMBINED_FITTED.webp	Ru	24587de0b7ed9a82	105598
Ru-Sm_COMBINED_PREDICTED.webp	Ru	88e38420144207e0	126940
Ru-Sn_COMBINED_FITTED.webp	Ru	764aef160868a23b	61220
Ru-Sn_COMBINED_PREDICTED.webp	Ru	51580d996366ea2c	120734
Ru-Sr_COMBINED_FITTED.webp	Ru	38a65143ccd0f1df	42332
Ru-Sr_COMBINED_PREDICTED.webp	Ru	b2801327398d00f4	94490
Ru-Ta_COMBINED_FITTED.webp	Ru	1be6f6b41ca25167	69480
Ru-Ta_COMBINED_PREDICTED.webp	Ru	0a8d59b7c4274961	129396
Ru-Tb_COMBINED_FITTED.webp	Ru	13e1df014e6746b5	103754
Ru-Tb_COMBINED_PREDICTED.webp	Ru	a3d5feccadf92f3b	123572
Ru-Th_COMBINED_FITTED.webp	Ru	08890cc8654f9894	112250
Ru-Th_COMBINED_PREDICTED.webp	Ru	142fdb87d24dd872	129094
Ru-Ti_COMBINED_FITTED.webp	Ru	b988fdd3ddae6372	107486
Ru-Ti_COMBINED_PREDICTED.webp	Ru	9e5d3f67d45cc2b1	126712
Ru-Tl_COMBINED_FITTED.webp	Ru	d234deead6a3a3e7	41376
Ru-Tl_COMBINED_PREDICTED.webp	Ru	0e8b537ec5c85c3c	94872
Ru-Tm_COMBINED_FITTED.webp	Ru	2b9aee00baa43749	102558
Ru-Tm_COMBINED_PREDICTED.webp	Ru	a270a8f11cabef20	125058
Ru-V_COMBINED_FITTED.webp	Ru	df016984f7b80fba	63338
Ru-V_COMBINED_PREDICTED.webp	Ru	bdc62df1b2176392	123810
Ru-W_COMBINED_FITTED.webp	Ru	de2d93ad6539ebf9	61682
Ru-W_COMBINED_PREDICTED.webp	Ru	9616ffc0170fd1c4	119654
Ru-Y_COMBINED_FITTED.webp	Ru	e6cfadbaf77a8cd7	100144
Ru-Y_COMBINED_PREDICTED.webp	Ru	9b5f27886e077ba4	123078
Ru-Yb_COMBINED_FITTED.webp	Ru	f5ce26a6b4fab50d	63364
Ru-Yb_COMBINED_PREDICTED.webp	Ru	8d9393aab743f09c	121740
Ru-Zn_COMBINED_FITTED.webp	Ru	4133613947770662	60476
Ru-Zn_COMBINED_PREDICTED.webp	Ru	50fbba0d9b65e15a	116060
Ru-Zr_COMBINED_FITTED.webp	Ru	e2060e58bb675bd4	109426
Ru-Zr_COMBINED_PREDICTED.webp	Ru	1c39b43019b9beb8	129106
Sc-Si_COMBINED_FITTED.webp	Sc	9248501f80d14a43	108956
Sc-Si_COMBINED_PREDICTED.webp	Sc	8feb2e45a57b6283	129998
Sc-Sm_COMBINED_FITTED.webp	Sc	f758de39033b5553	42522
Sc-Sm_COMBINED_PREDICTED.webp	Sc	659fe80c01a1c1cf	99636
Sc-Sn_COMBINED_FITTED.webp	Sc	4b05fefe1ba94e97	113238
Sc-Sn_COMBINED_PREDICTED.webp	Sc	2c16e29649458eaf	129588
Sc-Sr_COMBINED_FITTED.webp	Sc	28afa31f58fe9f43	53636
Sc-Sr_COMBINED_PREDICTED.webp	Sc	a9f8473126bb7ad5	109160
Sc-Ta_COMBINED_FITTED.webp	Sc	92257adf4969b1ff	93084
Sc-Ta_COMBINED_PREDICTED.webp	Sc	340110b05e0fd491	112396
Sc-Tb_COMBINED_FITTED.webp	Sc	0e2c007f6aa411d6	56048
Sc-Tb_COMBINED_PREDICTED.webp	Sc	6fde606bb1216b30	115016
Sc-Th_COMBINED_FITTED.webp	Sc	0f8071eb970c933b	60632
Sc-Th_COMBINED_PREDICTED.webp	Sc	7d0ebbda3ecb3b20	118714
Sc-Ti_COMBINED_FITTED.webp	Sc	7e4d0c0fa9116080	58360
Sc-Ti_COMBINED_PREDICTED.webp	Sc	b3770b97c3157e13	114884
Sc-Tl_COMBINED_FITTED.webp	Sc	0fefa7273eecc562	48390
Sc-Tl_COMBINED_PREDICTED.webp	Sc	6b601dda5d251d25	105956
Sc-Tm_COMBINED_FITTED.webp	Sc	ece5713c56cc389f	42806
Sc-Tm_COMBINED_PREDICTED.webp	Sc	bc29b4527c201993	98600
Sc-V_COMBINED_FITTED.webp	Sc	6bd62687733d342e	92860
Sc-V_COMBINED_PREDICTED.webp	Sc	f3b2e9c550979ef2	115026
Sc-W_COMBINED_FITTED.webp	Sc	a59e0c5f26d355f9	93418
Sc-W_COMBINED_PREDICTED.webp	Sc	7319ab38e49fb9ec	110938
Sc-Y_COMBINED_FITTED.webp	Sc	c5abcc3b1f497262	58886
Sc-Y_COMBINED_PREDICTED.webp	Sc	72f40ae1a82e38dd	118800
Sc-Yb_COMBINED_FITTED.webp	Sc	3967c17791e51acb	52358
Sc-Yb_COMBINED_PREDICTED.webp	Sc	f3a6ef17bdbb9f77	110486
Sc-Zn_COMBINED_FITTED.webp	Sc	468f9e1fbd042f52	71670
Sc-Zn_COMBINED_PREDICTED.webp	Sc	98d5b506d6e00411	132456
Sc-Zr_COMBINED_FITTED.webp	Sc	7b9f0665bd42dac4	66026
Sc-Zr_COMBINED_PREDICTED.webp	Sc	5dd5c7bb8ce3324a	126016
Si-Sm_COMBINED_FITTED.webp	Si	eec0b424b07628fc	112196
Si-Sm_COMBINED_PREDICTED.webp	Si	815ffd47554e2d3f	132044
Si-Sn_COMBINED_FITTED.webp	Si	e573d406abcb36f7	90500
Si-Sn_COMBINED_PREDICTED.webp	Si	e95dacfd22184e4c	108888
Si-Sr_COMBINED_FITTED.webp	Si	d6e4c4ab44a14309	106952
Si-Sr_COMBINED_PREDICTED.webp	Si	487dc9aeba1ecfd2	123910
Si-Ta_COMBINED_FITTED.webp	Si	8a857e853ce73419	107298
Si-Ta_COMBINED_PREDICTED.webp	Si	b123634ae01ae2e8	125888
Si-Tb_COMBINED_FITTED.webp	Si	6a1b7ce247c176e8	112392
Si-Tb_COMBINED_PREDICTED.webp	Si	db3684d9b2240f75	129858
Si-Th_COMBINED_FITTED.webp	Si	5d2fa6a7d749376b	119158
Si-Th_COMBINED_PREDICTED.webp	Si	0351d28809767ada	130510
Si-Ti_COMBINED_FITTED.webp	Si	b6e36bcaa9b1f320	111072
Si-Ti_COMBINED_PREDICTED.webp	Si	817497a4f8e231c6	127862
Si-Tl_COMBINED_FITTED.webp	Si	5482ac205b7d4dcf	57890
Si-Tl_COMBINED_PREDICTED.webp	Si	f8661245bbc8700e	115422
Si-Tm_COMBINED_FITTED.webp	Si	3a9f96b322772a46	68624
Si-Tm_COMBINED_PREDICTED.webp	Si	c9c3643014267e03	127810
Si-V_COMBINED_FITTED.webp	Si	ec29e3454a75667a	104234
Si-V_COMBINED_PREDICTED.webp	Si	d0b68df3e683cbb0	125702
Si-W_COMBINED_FITTED.webp	Si	a7c2d308ec703c84	103332
Si-W_COMBINED_PREDICTED.webp	Si	2b0e81cb706dcc9f	120010
Si-Y_COMBINED_FITTED.webp	Si	283fde6d6d9839fd	109660
Si-Y_COMBINED_PREDICTED.webp	Si	d9dd452171f25bfc	129644
Si-Yb_COMBINED_FITTED.webp	Si	d4b171c76a2b345b	107918
Si-Yb_COMBINED_PREDICTED.webp	Si	60db3a2defcd6d66	126328
Si-Zn_COMBINED_FITTED.webp	Si	3f04499c51cd0063	86240
Si-Zn_COMBINED_PREDICTED.webp	Si	1acdfdabc367702e	108978
Si-Zr_COMBINED_FITTED.webp	Si	bd7cdc602a795734	115624
Si-Zr_COMBINED_PREDICTED.webp	Si	ffb169f9679405a6	130714
Sm-Sn_COMBINED_FITTED.webp	Sm	afc0271cdd8d42a8	117980
Sm-Sn_COMBINED_PREDICTED.webp	Sm	379786a3620bbfb2	134788
Sm-Sr_COMBINED_FITTED.webp	Sm	c4faa5ffdc483566	40652
Sm-Sr_COMBINED_PREDICTED.webp	Sm	818742c48eeea83a	96520
Sm-Ta_COMBINED_FITTED.webp	Sm	689d7085a6f89ad8	116370
Sm-Ta_COMBINED_PREDICTED.webp	Sm	69e7ed94e50cf38a	176940
Sm-Tb_COMBINED_FITTED.webp	Sm	64da1c19465d8479	58432
Sm-Tb_COMBINED_PREDICTED.webp	Sm	1c99e9f8eddc9e0f	116214
Sm-Th_COMBINED_FITTED.webp	Sm	f21408344db8a78c	40786
Sm-Th_COMBINED_PREDICTED.webp	Sm	bb840cd2f9a75fba	97572
Sm-Ti_COMBINED_FITTED.webp	Sm	76b9b9035385c0d9	40796
Sm-Ti_COMBINED_PREDICTED.webp	Sm	a7ea621656115681	97106
Sm-Tl_COMBINED_FITTED.webp	Sm	6a89cf70731abaac	116968
Sm-Tl_COMBINED_PREDICTED.webp	Sm	dd8a73946815c0bb	132400
Sm-Tm_COMBINED_FITTED.webp	Sm	3984f537b9680356	60360
Sm-Tm_COMBINED_PREDICTED.webp	Sm	98fa5d27679ce196	119148
Sm-V_COMBINED_FITTED.webp	Sm	97dbd49db52f78eb	51986
Sm-V_COMBINED_PREDICTED.webp	Sm	97681b99640ef435	109438
Sm-W_COMBINED_FITTED.webp	Sm	8f160031a2d4f980	116556
Sm-W_COMBINED_PREDICTED.webp	Sm	9204255ebf98d904	176866
Sm-Y_COMBINED_FITTED.webp	Sm	542dbf30f33ceee4	60188
Sm-Y_COMBINED_PREDICTED.webp	Sm	410cbbdf38e39e25	117566
Sm-Yb_COMBINED_FITTED.webp	Sm	189f8d1a3b1f93ee	42132
Sm-Yb_COMBINED_PREDICTED.webp	Sm	d292fe39012b242a	96252
Sm-Zn_COMBINED_FITTED.webp	Sm	c4022795a15a8789	119934
Sm-Zn_COMBINED_PREDICTED.webp	Sm	577a7f4161615559	136016
Sm-Zr_COMBINED_FITTED.webp	Sm	4153653e596932a6	40680
Sm-Zr_COMBINED_PREDICTED.webp	Sm	3832a558820a0940	97250
Sn-Sr_COMBINED_FITTED.webp	Sn	62209e71f79b493f	115174
Sn-Sr_COMBINED_PREDICTED.webp	Sn	5d6d9ad0ad18b307	132988
Sn-Ta_COMBINED_FITTED.webp	Sn	2079c17766c2f456	114626
Sn-Ta_COMBINED_PREDICTED.webp	Sn	9ea2492bc6d4bbcd	174336
Sn-Tb_COMBINED_FITTED.webp	Sn	95fb80a24f623d12	114460
Sn-Tb_COMBINED_PREDICTED.webp	Sn	e0b93cc0e7bfc2a8	130690
Sn-Th_COMBINED_FITTED.webp	Sn	26c798a032dc0d51	109632
Sn-Th_COMBINED_PREDICTED.webp	Sn	d6677ed172c6d127	126406
Sn-Ti_COMBINED_FITTED.webp	Sn	e6d81d82524a45bd	115294
Sn-Ti_COMBINED_PREDICTED.webp	Sn	0b3a5ec44e02a028	129196
Sn-Tl_COMBINED_FITTED.webp	Sn	dc7ae6a5955464c7	60764
Sn-Tl_COMBINED_PREDICTED.webp	Sn	14f33ce72749726b	119348
Sn-Tm_COMBINED_FITTED.webp	Sn	2c66f7fda8a28d98	102752
Sn-Tm_COMBINED_PREDICTED.webp	Sn	b924753b58372145	163166
Sn-V_COMBINED_FITTED.webp	Sn	fad82c83976a15e7	101178
Sn-V_COMBINED_PREDICTED.webp	Sn	660b91d3ead7dc98	121600
Sn-W_COMBINED_FITTED.webp	Sn	c2b65c42df558771	41918
Sn-W_COMBINED_PREDICTED.webp	Sn	46f22a2f3db4e23f	96834
Sn-Y_COMBINED_FITTED.webp	Sn	6b90fd171b8c0767	112438
Sn-Y_COMBINED_PREDICTED.webp	Sn	1d803f9e051297e9	129534
Sn-Yb_COMBINED_FITTED.webp	Sn	226f711192e8b01c	114472
Sn-Yb_COMBINED_PREDICTED.webp	Sn	304df5cc66f535c6	132096
Sn-Zn_COMBINED_FITTED.webp	Sn	71bdefeb4af45add	87464
Sn-Zn_COMBINED_PREDICTED.webp	Sn	804e87dc1629904f	110346
Sn-Zr_COMBINED_FITTED.webp	Sn	3c716b386784e03b	111842
Sn-Zr_COMBINED_PREDICTED.webp	Sn	7cab7044f5bfedd6	127988
Sr-Ta_COMBINED_FITTED.webp	Sr	a1db1774faa2f563	42222
Sr-Ta_COMBINED_PREDICTED.webp	Sr	fc74d81f1a7432e2	96384
Sr-Tb_COMBINED_FITTED.webp	Sr	2bde6304cb0734bd	42442
Sr-Tb_COMBINED_PREDICTED.webp	Sr	c77487d5ec63c3f7	96134
Sr-Th_COMBINED_FITTED.webp	Sr	c4fcae68042c9803	40478
Sr-Th_COMBINED_PREDICTED.webp	Sr	2be576de3814e200	98180
Sr-Ti_COMBINED_FITTED.webp	Sr	bcc7ccc76d5030d9	52626
Sr-Ti_COMBINED_PREDICTED.webp	Sr	a884cb98783827b1	105920
Sr-Tl_COMBINED_FITTED.webp	Sr	c1e622826838a5dd	115582
Sr-Tl_COMBINED_PREDICTED.webp	Sr	9412477b93eea067	131634
Sr-Tm_COMBINED_FITTED.webp	Sr	f83dae19a597294a	42492
Sr-Tm_COMBINED_PREDICTED.webp	Sr	e2d7cc3c73dabdbe	95586
Sr-V_COMBINED_FITTED.webp	Sr	bcd03b42182df096	53996
Sr-V_COMBINED_PREDICTED.webp	Sr	43507fc5ccde34b3	106726
Sr-W_COMBINED_FITTED.webp	Sr	8b4d3ed7643e7a51	42308
Sr-W_COMBINED_PREDICTED.webp	Sr	b07e24578ba7080f	97270
Sr-Y_COMBINED_FITTED.webp	Sr	ba55ef76c8bd7d26	97304
Sr-Y_COMBINED_PREDICTED.webp	Sr	3a9a6a02ded492cc	114520
Sr-Yb_COMBINED_FITTED.webp	Sr	221421354afb95c7	41050
Sr-Yb_COMBINED_PREDICTED.webp	Sr	69fc48f58538f39f	96824
Sr-Zn_COMBINED_FITTED.webp	Sr	9f05bfc55bfdd687	109994
Sr-Zn_COMBINED_PREDICTED.webp	Sr	3f7acd93914f9729	131554
Sr-Zr_COMBINED_FITTED.webp	Sr	846b5da1a0b9156a	42448
Sr-Zr_COMBINED_PREDICTED.webp	Sr	7afd8856bbb6c099	95756
Ta-Tb_COMBINED_FITTED.webp	Ta	07abc12403d93705	51862
Ta-Tb_COMBINED_PREDICTED.webp	Ta	1a4d68afa7ab9537	106696
Ta-Th_COMBINED_FITTED.webp	Ta	31005218ce27d3a1	89856
Ta-Th_COMBINED_PREDICTED.webp	Ta	72507242998b3966	110404
Ta-Ti_COMBINED_FITTED.webp	Ta	968f698bf4c59547	54566
Ta-Ti_COMBINED_PREDICTED.webp	Ta	ab02e85fc0beaf1e	112860
Ta-Tl_COMBINED_FITTED.webp	Ta	7d56f650213f19b1	51688
Ta-Tl_COMBINED_PREDICTED.webp	Ta	a04e6d99820ef0db	105496
Ta-Tm_COMBINED_FITTED.webp	Ta	c119827439c4d45a	114728
Ta-Tm_COMBINED_PREDICTED.webp	Ta	ebfcbeb0d1b70898	173020
Ta-V_COMBINED_FITTED.webp	Ta	dd9807b9d2d7545d	63440
Ta-V_COMBINED_PREDICTED.webp	Ta	a135834d91ff7e91	121014
Ta-W_COMBINED_FITTED.webp	Ta	f895b9ead6082010	61792
Ta-W_COMBINED_PREDICTED.webp	Ta	683ec1786db178cf	123346
Ta-Y_COMBINED_FITTED.webp	Ta	d00af7883823e766	52012
Ta-Y_COMBINED_PREDICTED.webp	Ta	f7981e1f54ca0550	109120
Ta-Yb_COMBINED_FITTED.webp	Ta	ce39d25638690e9b	51198
Ta-Yb_COMBINED_PREDICTED.webp	Ta	b888a11a3eead530	109536
Ta-Zn_COMBINED_FITTED.webp	Ta	2ac3e1cd4d428b13	49504
Ta-Zn_COMBINED_PREDICTED.webp	Ta	35655cc5b64dce8b	102524
Ta-Zr_COMBINED_FITTED.webp	Ta	c71a41af9067fdb6	56340
Ta-Zr_COMBINED_PREDICTED.webp	Ta	9d280274203efb0f	115104
Tb-Th_COMBINED_FITTED.webp	Tb	87751399825d9d4f	57798
Tb-Th_COMBINED_PREDICTED.webp	Tb	aa75720a2eea9994	118482
Tb-Ti_COMBINED_FITTED.webp	Tb	42f27adb81ec4e6d	91246
Tb-Ti_COMBINED_PREDICTED.webp	Tb	203bcd242fc9e6fe	109540
Tb-Tl_COMBINED_FITTED.webp	Tb	7a4e115f19df6319	118042
Tb-Tl_COMBINED_PREDICTED.webp	Tb	376e786b18e90135	129824
Tb-Tm_COMBINED_FITTED.webp	Tb	2e0a9c3c332d9a69	53670
Tb-Tm_COMBINED_PREDICTED.webp	Tb	30e4bcf9f59db6b5	110408
Tb-V_COMBINED_FITTED.webp	Tb	693eaee5790bad2b	51228
Tb-V_COMBINED_PREDICTED.webp	Tb	5d7fb27e0fb74e11	108246
Tb-W_COMBINED_FITTED.webp	Tb	0ee7792e37508c20	114590
Tb-W_COMBINED_PREDICTED.webp	Tb	c9fea747e663c390	174636
Tb-Y_COMBINED_FITTED.webp	Tb	1910fce38aceb2c1	58748
Tb-Y_COMBINED_PREDICTED.webp	Tb	522769773ca7b41f	117412
Tb-Yb_COMBINED_FITTED.webp	Tb	6babb5a04840c6eb	95182
Tb-Yb_COMBINED_PREDICTED.webp	Tb	392d8a41f6a9b9d2	116302
Tb-Zn_COMBINED_FITTED.webp	Tb	b58e8526ef78e978	108992
Tb-Zn_COMBINED_PREDICTED.webp	Tb	3586ff37d3a54a86	128764
Tb-Zr_COMBINED_FITTED.webp	Tb	514497ed0fa2a7c2	97250
Tb-Zr_COMBINED_PREDICTED.webp	Tb	a90dfc064e128745	113826
Th-Ti_COMBINED_FITTED.webp	Th	e68918d2836a5371	87998
Th-Ti_COMBINED_PREDICTED.webp	Th	b8237058eb855f87	109528
Th-Tl_COMBINED_FITTED.webp	Th	ae8b09841c023ddb	64042
Th-Tl_COMBINED_PREDICTED.webp	Th	3c8bdd1768f2eb63	127126
Th-Tm_COMBINED_FITTED.webp	Th	de4fe0176278e31e	56222
Th-Tm_COMBINED_PREDICTED.webp	Th	1fe1810ca2099ddd	118002
Th-V_COMBINED_FITTED.webp	Th	2d40354b49f2244e	94322
Th-V_COMBINED_PREDICTED.webp	Th	7ab6f82964925058	113982
Th-W_COMBINED_FITTED.webp	Th	292a7aa310710af5	90764
Th-W_COMBINED_PREDICTED.webp	Th	85f895833262d89c	109436
Th-Y_COMBINED_FITTED.webp	Th	a17dccf5e29915cc	55910
Th-Y_COMBINED_PREDICTED.webp	Th	aa9ac7eb76f01158	115776
Th-Yb_COMBINED_FITTED.webp	Th	9e8798fe2ee8917e	50638
Th-Yb_COMBINED_PREDICTED.webp	Th	445c1413556ac06d	109642
Th-Zn_COMBINED_FITTED.webp	Th	92eea429e50f32d8	105906
Th-Zn_COMBINED_PREDICTED.webp	Th	7c1edd773ccba593	127516
Th-Zr_COMBINED_FITTED.webp	Th	0d15cf57d4e9880e	56580
Th-Zr_COMBINED_PREDICTED.webp	Th	025bee1ff7d358ac	116472
Ti-Tl_COMBINED_FITTED.webp	Ti	eb21d4bd8115c63b	40670
Ti-Tl_COMBINED_PREDICTED.webp	Ti	9ddaa3586efb6d80	94874
Ti-Tm_COMBINED_FITTED.webp	Ti	3dc1e02315ca01e2	90508
Ti-Tm_COMBINED_PREDICTED.webp	Ti	09393ccc59d238ef	108810
Ti-V_COMBINED_FITTED.webp	Ti	ca162003a0d28231	52528
Ti-V_COMBINED_PREDICTED.webp	Ti	caa88715e84862a5	110488
Ti-W_COMBINED_FITTED.webp	Ti	33cab3be0d0aa0e8	61420
Ti-W_COMBINED_PREDICTED.webp	Ti	401312391aa83fa6	121470
Ti-Y_COMBINED_FITTED.webp	Ti	943e2a3ffd2bade8	91796
Ti-Y_COMBINED_PREDICTED.webp	Ti	66f442af1aaed9c7	109668
Ti-Yb_COMBINED_FITTED.webp	Ti	fa48aadc9ace533b	51758
Ti-Yb_COMBINED_PREDICTED.webp	Ti	1bef9d8857dc3498	110572
Ti-Zn_COMBINED_FITTED.webp	Ti	d3e52e7e64675595	66856
Ti-Zn_COMBINED_PREDICTED.webp	Ti	57874da1dcd7c1bb	124516
Ti-Zr_COMBINED_FITTED.webp	Ti	60a55b8028113765	58156
Ti-Zr_COMBINED_PREDICTED.webp	Ti	02a6f1de1b463d3c	116478
Tl-Tm_COMBINED_FITTED.webp	Tl	fbb7e501b1a8aca1	105848
Tl-Tm_COMBINED_PREDICTED.webp	Tl	a768f7b0876033f6	121770
Tl-V_COMBINED_FITTED.webp	Tl	f992150cb8407e0f	50954
Tl-V_COMBINED_PREDICTED.webp	Tl	c1543e2ac49bed05	106408
Tl-W_COMBINED_FITTED.webp	Tl	dc64198a5714f76c	41376
Tl-W_COMBINED_PREDICTED.webp	Tl	3e16b34dcbc65c78	95942
Tl-Y_COMBINED_FITTED.webp	Tl	3311720325a76f9d	114488
Tl-Y_COMBINED_PREDICTED.webp	Tl	8851a4057ec80d1d	130752
Tl-Yb_COMBINED_FITTED.webp	Tl	682371072e56a976	116834
Tl-Yb_COMBINED_PREDICTED.webp	Tl	c916e6da5ca91018	132332
Tl-Zn_COMBINED_FITTED.webp	Tl	61ee91b9bdfc0882	92982
Tl-Zn_COMBINED_PREDICTED.webp	Tl	ec7cabad6e64e8c7	113444
Tl-Zr_COMBINED_FITTED.webp	Tl	79330e1b97501559	46636
Tl-Zr_COMBINED_PREDICTED.webp	Tl	7574356431b77157	102400
Tm-V_COMBINED_FITTED.webp	Tm	57a3d5c5b88fd598	51578
Tm-V_COMBINED_PREDICTED.webp	Tm	4dde4f75784d27e6	105700
Tm-W_COMBINED_FITTED.webp	Tm	47366b9f5425512e	115588
Tm-W_COMBINED_PREDICTED.webp	Tm	6b43a0cc586d3279	173330
Tm-Y_COMBINED_FITTED.webp	Tm	dcbce241b952436e	51354
Tm-Y_COMBINED_PREDICTED.webp	Tm	2a030159a598cbe0	108000
Tm-Yb_COMBINED_FITTED.webp	Tm	218a542fde6a4a7c	58428
Tm-Yb_COMBINED_PREDICTED.webp	Tm	0e95fdbebd289670	114504
Tm-Zn_COMBINED_FITTED.webp	Tm	6de51a39fe45e4d1	109222
Tm-Zn_COMBINED_PREDICTED.webp	Tm	e31f074dd1ae1a47	128612
Tm-Zr_COMBINED_FITTED.webp	Tm	2f4aa07c2c3652f9	42380
Tm-Zr_COMBINED_PREDICTED.webp	Tm	6cbf2cfb11a052d5	93284
V-W_COMBINED_FITTED.webp	V	4b9f77ed4541323c	61698
V-W_COMBINED_PREDICTED.webp	V	91d1ef4770cf8690	123532
V-Y_COMBINED_FITTED.webp	V	71869069c6d33c92	89668
V-Y_COMBINED_PREDICTED.webp	V	fab66bfa92246847	108124
V-Yb_COMBINED_FITTED.webp	V	d50c96a26468d0fb	53358
V-Yb_COMBINED_PREDICTED.webp	V	010b1ae05ac56cf8	106088
V-Zn_COMBINED_FITTED.webp	V	e633a973b645890c	62372
V-Zn_COMBINED_PREDICTED.webp	V	a23642281eba455e	114902
V-Zr_COMBINED_FITTED.webp	V	cb78cab9a7ee7497	99240
V-Zr_COMBINED_PREDICTED.webp	V	d88710e8c21cd633	116824
W-Y_COMBINED_FITTED.webp	W	ec1ecc1cb942c2f5	88744
W-Y_COMBINED_PREDICTED.webp	W	c23da0db4ffe085c	107688
W-Yb_COMBINED_FITTED.webp	W	97979e51dfe8b8fa	115694
W-Yb_COMBINED_PREDICTED.webp	W	011310142532441b	172264
W-Zn_COMBINED_FITTED.webp	W	8218acc97ae36601	41794
W-Zn_COMBINED_PREDICTED.webp	W	dc7c915f2cf0c558	94668
W-Zr_COMBINED_FITTED.webp	W	dd30c494d227e37a	94782
W-Zr_COMBINED_PREDICTED.webp	W	000fd8a05705c22f	118824
Y-Yb_COMBINED_FITTED.webp	Y	16a1871d1ba1e561	55268
Y-Yb_COMBINED_PREDICTED.webp	Y	ee744ec9a66948b1	111816
Y-Zn_COMBINED_FITTED.webp	Y	b6c5d3b48e34bf56	113004
Y-Zn_COMBINED_PREDICTED.webp	Y	d7905d2d6657a824	129218
Y-Zr_COMBINED_FITTED.webp	Y	b8f00835533472a2	91510
Y-Zr_COMBINED_PREDICTED.webp	Y	81f7014c74ae3841	112930
Yb-Zn_COMBINED_FITTED.webp	Yb	3dc88fff242f7feb	107466
Yb-Zn_COMBINED_PREDICTED.webp	Yb	f88117a8ad9bf825	130476
Yb-Zr_COMBINED_FITTED.webp	Yb	a9472a72467b7f32	51704
Yb-Zr_COMBINED_PREDICTED.webp	Yb	0061096e783ed144	109160
Zn-Zr_COMBINED_FITTED.webp	Zn	c0f0b29baadaa628	108350
Zn-Zr_COMBINED_PREDICTED.webp	Zn	d45305ef4a25bc30	130898
